clade	inclusive_count	exclusive_count
19A	8262485	13595
19B	7652	7652
20A	8241238	128884
20B	4830181	117576
20C	158226	111713
20D	8600	6346
20E	112548	112548
20F	11458	11458
20G	85970	85970
20H (Beta)	9608	9608
20I (Alpha)	632303	632303
20J (Gamma)	31962	31962
21A (Delta)	2905503	2199
21B (Kappa)	1059	1059
21C (Epsilon)	46510	46510
21D (Eta)	2963	2963
21E (Theta)	49	49
21F (Iota)	3	3
21G (Lambda)	2254	2254
21H (Mu)	6296	6296
21I (Delta)	200655	200655
21J (Delta)	2702649	2702649
21K (BA.1)	1124517	1124517
21L (BA.2)	2901466	1030147
21M (Omicron)	4028233	2250
22A (BA.4)	98362	98362
22B (BA.5)	951520	751407
22C (BA.2.12.1)	170879	170879
22D (BA.2.75)	65719	36193
22E (BQ.1)	200113	200113
22F (XBB)	392656	31047
23A (XBB.1.5)	167229	162053
23B (XBB.1.16)	48206	48206
23C (CH.1.1)	29526	29526
23D (XBB.1.9)	129837	52395
23E (XBB.2.3)	16337	16337
23F (EG.5.1)	77442	68632
23G (XBB.1.5.70)	5176	5176
23H (HK.3)	8810	8810
23I (BA.2.86)	192183	8405
24A (JN.1)	183778	111303
24B (JN.1.11.1)	69645	15528
24C (KP.3)	45317	17255
24D (XDV.1)	2452	2452
24E (KP.3.1.1)	24302	24302
24F (XEC)	3760	3760
24G (KP.2.3)	8800	8800
24H (LF.7)	250	250
24I (MV.1)	128	128
A	7652	1228
A.1	3103	3103
A.11	10	10
A.12	6	6
A.18	4	4
A.19	4	4
A.2	1813	201
A.2.2	233	233
A.2.3	205	205
A.2.4	2	2
A.2.5	1172	997
A.2.5.1	52	52
A.2.5.2	117	117
A.2.5.3	6	6
A.21	141	141
A.23	21	21
A.23.1	403	382
A.24	2	2
A.25	19	19
A.26	19	19
A.27	143	143
A.28	129	129
A.29	111	111
A.3	229	229
A.4	32	32
A.5	128	128
A.6	124	124
A.7	4	4
AA.1	2301	80
AA.2	133	133
AA.3	32	32
AA.4	113	113
AA.5	67	67
AA.6	62	62
AA.7	118	118
AA.8	46	46
AC.1	25	25
AD.1	2	2
AD.2	4882	4882
AE.1	4	4
AE.2	13	13
AE.4	17	17
AE.6	30	30
AE.7	15	15
AF.1	25	25
AG.1	3	3
AH.1	7	7
AH.2	104	104
AH.3	8	8
AK.1	82	82
AK.2	4	4
AM.3	34	34
AN.1	23	23
AP.1	613	613
AQ.1	2	2
AS.1	114	114
AS.2	69	69
AT.1	6	6
AU.2	3	3
AV.1	266	266
AY.1	829	829
AY.10	1384	1384
AY.100	66954	66954
AY.101	818	818
AY.102	47	47
AY.103	242283	242148
AY.103.1	135	135
AY.104	48	48
AY.105	824	824
AY.106	888	888
AY.107	3222	3222
AY.108	436	436
AY.109	1159	1159
AY.11	720	720
AY.110	2088	2088
AY.111	7665	7665
AY.112	2687	2443
AY.112.1	84	84
AY.112.2	158	158
AY.112.3	2	2
AY.113	7921	7921
AY.114	4435	4435
AY.116	4515	683
AY.116.1	3832	3832
AY.117	13311	13311
AY.118	17785	17785
AY.119	39879	30289
AY.119.1	87	87
AY.119.2	9503	9503
AY.120	34696	30191
AY.120.1	3275	3275
AY.120.2	1230	22
AY.120.2.1	1208	1208
AY.121	16780	14844
AY.121.1	1936	1936
AY.122	99367	97243
AY.122.1	204	204
AY.122.2	51	51
AY.122.3	1056	1056
AY.122.4	525	525
AY.122.5	20	20
AY.122.6	268	268
AY.123	177	118
AY.123.1	59	59
AY.124	2315	2095
AY.124.1	220	139
AY.124.1.1	81	81
AY.125	11444	11442
AY.125.1	2	2
AY.126	22896	22896
AY.127	11290	11216
AY.127.1	74	74
AY.128	115	115
AY.129	9800	9800
AY.13	5203	5203
AY.130	61	61
AY.131	93	93
AY.132	539	539
AY.133	63	63
AY.134	774	774
AY.14	11215	11215
AY.15	99	99
AY.16	1458	1330
AY.16.1	128	128
AY.17	195	195
AY.19	4	4
AY.2	2623	2623
AY.20	21110	21064
AY.20.1	46	46
AY.21	36	36
AY.22	43	43
AY.23	1845	1668
AY.23.1	12	12
AY.23.2	165	165
AY.24	468	450
AY.24.1	18	18
AY.25	177474	119292
AY.25.1	56961	56945
AY.25.1.2	16	16
AY.25.2	117	117
AY.25.3	1104	1104
AY.26	34133	34128
AY.26.1	5	5
AY.27	243	243
AY.28	32	32
AY.29	1407	1336
AY.29.1	38	38
AY.29.2	33	33
AY.3	154308	139847
AY.3.1	13395	13395
AY.3.3	770	770
AY.3.4	296	296
AY.30	521	521
AY.31	31	31
AY.32	1042	1042
AY.33	9863	9453
AY.33.1	34	34
AY.33.2	376	376
AY.34	10301	5650
AY.34.1	4209	3837
AY.34.1.1	372	372
AY.34.2	442	442
AY.35	1203	1203
AY.36	11005	8976
AY.36.1	2029	2029
AY.37	1947	1947
AY.38	7516	1005
AY.39	54746	42965
AY.39.1	11454	6761
AY.39.1.1	4687	4687
AY.39.1.2	4	4
AY.39.1.4	2	2
AY.39.2	305	305
AY.39.3	22	22
AY.4	1002775	829507
AY.4.1	1596	1596
AY.4.10	1485	1485
AY.4.11	393	393
AY.4.12	7	7
AY.4.13	297	297
AY.4.14	755	755
AY.4.15	1324	1324
AY.4.16	3	3
AY.4.17	6	6
AY.4.2	142312	89064
AY.4.2.1	18682	18682
AY.4.2.2	30191	30191
AY.4.2.3	3491	3491
AY.4.2.4	33	33
AY.4.2.5	851	851
AY.4.3	1830	1830
AY.4.4	1284	1284
AY.4.5	3359	3359
AY.4.6	11672	11672
AY.4.7	991	991
AY.4.8	4655	4655
AY.4.9	1299	1299
AY.41	1432	1432
AY.42	11540	11513
AY.42.1	27	27
AY.43	139761	127264
AY.43.1	199	199
AY.43.2	172	172
AY.43.3	270	270
AY.43.4	3094	3094
AY.43.5	14	14
AY.43.6	6115	6115
AY.43.7	69	69
AY.43.8	800	800
AY.43.8_18086	1136	1136
AY.43.9	628	628
AY.44	203156	203156
AY.45	1165	1165
AY.46	41358	5182
AY.46.1	1264	1264
AY.46.2	909	909
AY.46.3	211	211
AY.46.4	5017	5017
AY.46.5	13918	13918
AY.46.6	14857	14852
AY.46.6.1	5	5
AY.47	32482	32482
AY.48	1507	1507
AY.49	166	166
AY.5	54683	51457
AY.5.1	25	25
AY.5.2	36	36
AY.5.3	1914	1914
AY.5.4	1018	1018
AY.5.5	226	226
AY.5.6	7	7
AY.50	49	49
AY.51	951	951
AY.52	977	977
AY.53	379	379
AY.54	10790	10790
AY.55	53	53
AY.56	239	239
AY.57	1418	1418
AY.58	571	571
AY.59	49	49
AY.6	28057	28057
AY.60	633	633
AY.61	246	246
AY.62	1649	1649
AY.63	12	12
AY.64	1500	1500
AY.65	1321	1321
AY.66	54	54
AY.67	1946	1946
AY.68	828	828
AY.69	32	32
AY.7	14944	5552
AY.7.1	8688	8688
AY.7.2	704	704
AY.70	1037	1037
AY.71	347	347
AY.72	368	368
AY.73	458	458
AY.74	768	768
AY.75	17006	16976
AY.75.2	28	28
AY.75.3	2	2
AY.76	15	15
AY.77	334	334
AY.78	172	172
AY.79	102	102
AY.8	1769	1769
AY.80	1147	1147
AY.81	535	535
AY.82	23	23
AY.83	489	489
AY.84	1270	1270
AY.85	747	747
AY.86	72	72
AY.87	989	989
AY.88	578	578
AY.9	32718	13295
AY.9.2	19423	19338
AY.9.2.2	85	85
AY.90	1969	1969
AY.91	828	648
AY.91.1	180	180
AY.92	701	701
AY.93	7	7
AY.94	373	373
AY.95	147	147
AY.98	58274	43728
AY.98.1	14546	13950
AY.98.1.1	596	596
AY.99	5412	300
AY.99.1	223	223
AY.99.2	4889	4889
AZ.2	220	143
AZ.2.1	77	77
AZ.3	520	520
AZ.4	51	51
AZ.5	24	24
B	8262485	4093
B.1	8241238	67327
B.1.1	4830181	26198
B.1.1.1	8621	2194
B.1.1.10	955	730
B.1.1.101	36	36
B.1.1.107	31	31
B.1.1.109	24	24
B.1.1.111	32	32
B.1.1.113	141	141
B.1.1.114	18	18
B.1.1.115	286	120
B.1.1.116	16	16
B.1.1.117	9	9
B.1.1.118	16	16
B.1.1.119	29	29
B.1.1.12	133	133
B.1.1.120	26	26
B.1.1.121	3	3
B.1.1.122	10	10
B.1.1.123	53	53
B.1.1.125	95	95
B.1.1.128	109	109
B.1.1.129	211	2
B.1.1.13	17	17
B.1.1.130	72	72
B.1.1.132	63	63
B.1.1.133	21	21
B.1.1.134	83	83
B.1.1.135	240	218
B.1.1.136	35	35
B.1.1.137	75	75
B.1.1.138	180	180
B.1.1.139	32	32
B.1.1.14	58	58
B.1.1.141	110	110
B.1.1.142	943	738
B.1.1.144	31	31
B.1.1.145	20	20
B.1.1.147	16	16
B.1.1.148	17	17
B.1.1.149	65	65
B.1.1.15	84	84
B.1.1.152	3	3
B.1.1.153	277	277
B.1.1.154	24	24
B.1.1.155	14	14
B.1.1.157	2	2
B.1.1.158	50	50
B.1.1.159	47	47
B.1.1.16	11	11
B.1.1.160	10	10
B.1.1.161	60	60
B.1.1.162	26	26
B.1.1.163	12	12
B.1.1.164	202	202
B.1.1.165	76	76
B.1.1.166	29	29
B.1.1.168	55	55
B.1.1.169	10	10
B.1.1.17	53	53
B.1.1.170	364	364
B.1.1.171	252	252
B.1.1.172	29	29
B.1.1.174	156	156
B.1.1.175	7	7
B.1.1.176	18	18
B.1.1.177	24	24
B.1.1.178	20	20
B.1.1.180	90	90
B.1.1.181	22	22
B.1.1.182	6	6
B.1.1.185	6	6
B.1.1.186	245	245
B.1.1.187	14	14
B.1.1.189	451	282
B.1.1.190	20	20
B.1.1.192	288	288
B.1.1.193	10	10
B.1.1.194	136	136
B.1.1.194_29706T	24	24
B.1.1.196	193	193
B.1.1.197	30	30
B.1.1.198	825	825
B.1.1.200	143	120
B.1.1.201	2	2
B.1.1.203	22	22
B.1.1.204	121	121
B.1.1.205	93	93
B.1.1.207	711	711
B.1.1.208	80	80
B.1.1.209	30	30
B.1.1.210	20	20
B.1.1.213	49	49
B.1.1.214	483	483
B.1.1.216	161	127
B.1.1.217	282	282
B.1.1.218	63	63
B.1.1.219	254	254
B.1.1.220	240	240
B.1.1.221	2	2
B.1.1.222	17700	4005
B.1.1.224	6	6
B.1.1.225	130	130
B.1.1.226	21	21
B.1.1.227	237	237
B.1.1.228	359	359
B.1.1.229	32	32
B.1.1.231	212	212
B.1.1.232	377	291
B.1.1.234	67	67
B.1.1.236	97	97
B.1.1.237	181	181
B.1.1.239	37	37
B.1.1.240	240	240
B.1.1.241	356	237
B.1.1.242	9	9
B.1.1.243	36	36
B.1.1.244	654	123
B.1.1.249	12	12
B.1.1.25	12283	659
B.1.1.251	65	65
B.1.1.253	399	399
B.1.1.254	57	25
B.1.1.255	361	361
B.1.1.256	75	75
B.1.1.257	81	81
B.1.1.258	32	32
B.1.1.26	198	198
B.1.1.261	6	6
B.1.1.262	71	71
B.1.1.263	14	14
B.1.1.265	232	232
B.1.1.266	23	23
B.1.1.268	17	17
B.1.1.269	632	632
B.1.1.27	2	2
B.1.1.270	100	100
B.1.1.273	6	6
B.1.1.274	105	105
B.1.1.275	8	8
B.1.1.277	492	416
B.1.1.279	1107	1107
B.1.1.28	2411	684
B.1.1.280	18	18
B.1.1.282	42	42
B.1.1.283	2	2
B.1.1.284	268	268
B.1.1.285	68	68
B.1.1.286	345	345
B.1.1.288	9	9
B.1.1.289	551	551
B.1.1.29	135	135
B.1.1.290	47	47
B.1.1.291	1046	1046
B.1.1.294	290	266
B.1.1.296	64	64
B.1.1.297	207	204
B.1.1.298	11	11
B.1.1.299	81	81
B.1.1.3	142	142
B.1.1.300	91	91
B.1.1.301	853	853
B.1.1.302	25	25
B.1.1.303	354	354
B.1.1.304	1947	235
B.1.1.305	169	144
B.1.1.306	256	166
B.1.1.307	2435	2435
B.1.1.308	90	90
B.1.1.309	189	189
B.1.1.310	77	77
B.1.1.311	3062	3062
B.1.1.312	455	455
B.1.1.315	4927	43
B.1.1.316	1085	1014
B.1.1.317	1515	1332
B.1.1.318	2649	1834
B.1.1.320	18	18
B.1.1.322	70	70
B.1.1.323	71	71
B.1.1.325	6	6
B.1.1.326	11	11
B.1.1.327	7	7
B.1.1.328	20	20
B.1.1.33	893	430
B.1.1.332	4	4
B.1.1.336	2	2
B.1.1.337	213	213
B.1.1.338	5	5
B.1.1.339	13	13
B.1.1.34	87	40
B.1.1.341	16	16
B.1.1.344	60	60
B.1.1.345	4	4
B.1.1.347	16	16
B.1.1.348	625	625
B.1.1.349	16	16
B.1.1.351	91	91
B.1.1.352	27	27
B.1.1.353	6	6
B.1.1.354	28	28
B.1.1.355	85	71
B.1.1.356	12	12
B.1.1.357	2	2
B.1.1.358	10	10
B.1.1.359	9	9
B.1.1.360	34	34
B.1.1.361	21	21
B.1.1.362	215	215
B.1.1.363	181	181
B.1.1.364	4	4
B.1.1.365	179	179
B.1.1.366	2	2
B.1.1.367	41	29
B.1.1.368	214	214
B.1.1.369	2438	2438
B.1.1.37	5452	5452
B.1.1.371	49	49
B.1.1.372	12477	1418
B.1.1.373	6	6
B.1.1.374	73	73
B.1.1.375	9	9
B.1.1.376	108	108
B.1.1.378	62	62
B.1.1.379	32	32
B.1.1.38	19	19
B.1.1.380	33	33
B.1.1.381	2	2
B.1.1.382	47	47
B.1.1.383	10	10
B.1.1.384	56	56
B.1.1.385	209	209
B.1.1.388	2	2
B.1.1.389	9	9
B.1.1.39	1614	1612
B.1.1.392	12	12
B.1.1.395	27	27
B.1.1.396	3	3
B.1.1.397	84	84
B.1.1.398	2	2
B.1.1.4	331	331
B.1.1.40	42	42
B.1.1.402	32	8
B.1.1.403	25	25
B.1.1.404	13	13
B.1.1.405	36	11
B.1.1.406	93	93
B.1.1.408	41	41
B.1.1.41	183	183
B.1.1.413	70	70
B.1.1.416	885	885
B.1.1.418	49	49
B.1.1.420	301	301
B.1.1.421	7	7
B.1.1.423	12	12
B.1.1.425	5	5
B.1.1.426	19	19
B.1.1.428	59	59
B.1.1.429	52	52
B.1.1.43	78	78
B.1.1.432	531	531
B.1.1.434	1712	1712
B.1.1.437	27	27
B.1.1.438	2	2
B.1.1.44	278	278
B.1.1.440	11	11
B.1.1.441	17	17
B.1.1.442	2	2
B.1.1.445	24	24
B.1.1.447	2	2
B.1.1.448	21	16
B.1.1.45	38	38
B.1.1.450	50	50
B.1.1.453	150	150
B.1.1.458	7	7
B.1.1.459	85	85
B.1.1.46	33	33
B.1.1.461	51	51
B.1.1.462	3	3
B.1.1.463	12	12
B.1.1.464	612	612
B.1.1.466	3	3
B.1.1.467	34	34
B.1.1.47	104	104
B.1.1.48	30	30
B.1.1.480	31	31
B.1.1.482	29	29
B.1.1.484	8	8
B.1.1.485	16	16
B.1.1.486	327	327
B.1.1.487	95	95
B.1.1.49	66	66
B.1.1.5	40	40
B.1.1.50	116	116
B.1.1.500	11	11
B.1.1.506	2	2
B.1.1.507	32	32
B.1.1.51	579	579
B.1.1.512	32	32
B.1.1.513	2	2
B.1.1.514	33	33
B.1.1.517	113	113
B.1.1.518	65	65
B.1.1.519	13533	13533
B.1.1.521	90	90
B.1.1.523	169	169
B.1.1.524	3	3
B.1.1.525	15	15
B.1.1.528	74	74
B.1.1.529	4028259	72
B.1.1.529_dropout	4028263	4
B.1.1.54	5	5
B.1.1.55	81	81
B.1.1.57	74	74
B.1.1.58	82	82
B.1.1.59	184	184
B.1.1.61	70	70
B.1.1.62	3	3
B.1.1.63	882	882
B.1.1.67	233	233
B.1.1.7	632195	625474
B.1.1.70	1658	1045
B.1.1.71	82	82
B.1.1.72	17	17
B.1.1.74	226	226
B.1.1.75	92	7
B.1.1.77	23	23
B.1.1.7_dropout	632308	113
B.1.1.8	196	185
B.1.1.82	22	22
B.1.1.83	338	338
B.1.1.86	26	26
B.1.1.88	3	3
B.1.1.89	140	140
B.1.1.92	31	31
B.1.1.93	34	34
B.1.1.95	64	64
B.1.1.97	30	30
B.1.1.98	38	38
B.1.103	56	56
B.1.104	246	246
B.1.105	116	116
B.1.106	24	24
B.1.108	92	92
B.1.110	1314	200
B.1.110.1	2	2
B.1.110.2	6	6
B.1.110.3	1106	1106
B.1.111	424	424
B.1.112	163	163
B.1.113	59	59
B.1.115	16	16
B.1.116	15	15
B.1.117	77	77
B.1.118	2	2
B.1.12	34	34
B.1.120	136	136
B.1.124	123	123
B.1.126	710	710
B.1.127	4	4
B.1.128	88	88
B.1.13	428	428
B.1.131	52	52
B.1.134	2	2
B.1.137	5	5
B.1.139	2078	767
B.1.14	58	58
B.1.142	366	366
B.1.143	25	25
B.1.145	10	10
B.1.146	103	103
B.1.147	85	85
B.1.151	85	85
B.1.153	64	64
B.1.157	137	137
B.1.159	28	28
B.1.160	154	154
B.1.160.10	123	123
B.1.160.11	175	175
B.1.160.12	156	156
B.1.160.13	8	8
B.1.160.14	355	143
B.1.160.14_18580	212	212
B.1.160.15	189	189
B.1.160.16	1075	507
B.1.160.16_13923	568	568
B.1.160.19	26	26
B.1.160.20	104	104
B.1.160.22	134	134
B.1.160.23	223	223
B.1.160.25	20	20
B.1.160.26	354	354
B.1.160.28	91	91
B.1.160.29	200	200
B.1.160.30	875	875
B.1.160.31	143	119
B.1.160.32	186	186
B.1.160.33	206	206
B.1.160.7	732	526
B.1.160.8	2	2
B.1.160.9	95	95
B.1.161	4	4
B.1.162	107	107
B.1.163	15	15
B.1.164	10	10
B.1.165	69	69
B.1.166	119	119
B.1.167	13	13
B.1.168	37	37
B.1.170	34	34
B.1.173	35	35
B.1.177	112022	55955
B.1.177.10	1209	1209
B.1.177.11	2273	2273
B.1.177.12	14	14
B.1.177.15	2221	1650
B.1.177.16	1695	1695
B.1.177.17	1358	1358
B.1.177.18	948	948
B.1.177.19	750	750
B.1.177.2	222	222
B.1.177.20	751	751
B.1.177.21	127	127
B.1.177.23	306	306
B.1.177.24	8	8
B.1.177.25	2	2
B.1.177.26	301	301
B.1.177.28	72	72
B.1.177.3	121	121
B.1.177.30	553	553
B.1.177.31	40	40
B.1.177.32	126	126
B.1.177.33	102	102
B.1.177.35	20	20
B.1.177.39	8	8
B.1.177.4	5169	5169
B.1.177.40	3	3
B.1.177.41	5	5
B.1.177.43	551	551
B.1.177.44	1400	1400
B.1.177.44_no29366T	264	264
B.1.177.45	2611	2611
B.1.177.46	5	5
B.1.177.47	82	82
B.1.177.48	347	347
B.1.177.5	883	883
B.1.177.50	15	15
B.1.177.51	108	108
B.1.177.52	273	254
B.1.177.53	1195	105
B.1.177.54	1781	1682
B.1.177.55	354	354
B.1.177.56	5540	1522
B.1.177.57	4018	4018
B.1.177.58	829	829
B.1.177.59	6	6
B.1.177.6	1042	1042
B.1.177.60	265	177
B.1.177.62	611	611
B.1.177.63	348	348
B.1.177.65	1562	1562
B.1.177.67	3	3
B.1.177.68	3	3
B.1.177.69	792	792
B.1.177.7	6316	6316
B.1.177.71	100	100
B.1.177.72	32	32
B.1.177.73	61	61
B.1.177.74	11	11
B.1.177.75	269	269
B.1.177.76	3	3
B.1.177.77	232	232
B.1.177.8	1385	1385
B.1.177.80	7	7
B.1.177.81	2926	2660
B.1.177.82	324	324
B.1.177.83	122	122
B.1.177.84	164	164
B.1.177.85	38	38
B.1.177.86	2544	2544
B.1.177.87	1400	1400
B.1.177.89	55	55
B.1.177.9	1389	836
B.1.178	12	12
B.1.179	11	11
B.1.180	3	3
B.1.181	21	21
B.1.182	4	4
B.1.184	13	13
B.1.187	15	15
B.1.188	30	30
B.1.189	80	80
B.1.190	83	83
B.1.194	5	5
B.1.195	18	18
B.1.198	14	14
B.1.199	140	140
B.1.2	85970	85970
B.1.201	300	300
B.1.203	3	3
B.1.205	7	7
B.1.206	234	193
B.1.208	6	6
B.1.210	65	65
B.1.211	7	7
B.1.213	55	55
B.1.214	509	509
B.1.215	108	108
B.1.218	59	59
B.1.219	17	17
B.1.22	285	285
B.1.220	70	70
B.1.221	3948	3435
B.1.221.1	370	370
B.1.221.2	132	132
B.1.221.3	5	5
B.1.221.4	6	6
B.1.222	559	559
B.1.223	283	283
B.1.225	207	207
B.1.227	4	4
B.1.229	85	85
B.1.23	129	129
B.1.231	23	23
B.1.232	1747	1747
B.1.233	12	12
B.1.234	4726	4726
B.1.235	419	419
B.1.236	337	337
B.1.237	91	91
B.1.238	72	72
B.1.239	582	582
B.1.240	4065	3969
B.1.240.2	34	34
B.1.241	1262	1262
B.1.243	9576	9399
B.1.243.1	23	23
B.1.243.2	16	16
B.1.245	28	28
B.1.248	33	33
B.1.249	13	13
B.1.250	72	72
B.1.251	47	47
B.1.252	169	169
B.1.254	40	40
B.1.256	60	60
B.1.258	7068	4588
B.1.258.10	96	96
B.1.258.11	8	8
B.1.258.12	129	129
B.1.258.14	112	112
B.1.258.17	1170	1170
B.1.258.2	57	33
B.1.258.22	5	5
B.1.258.23	43	43
B.1.258.3	528	528
B.1.258.4	307	307
B.1.258.5	125	125
B.1.258.6	54	54
B.1.258.7	543	543
B.1.264	79	79
B.1.265	564	564
B.1.267	41	41
B.1.268	99	99
B.1.273	103	103
B.1.274	29	29
B.1.276	15	15
B.1.277	16	16
B.1.280	735	735
B.1.281	37	37
B.1.282	71	71
B.1.287	33	33
B.1.289	295	295
B.1.293	56	56
B.1.294	74	74
B.1.298	219	219
B.1.3	286	286
B.1.301	177	177
B.1.302	17	17
B.1.304	25	25
B.1.305	477	477
B.1.306	155	155
B.1.308	112	112
B.1.309	11	11
B.1.310	16	16
B.1.311	2721	2561
B.1.313	111	111
B.1.314	113	113
B.1.315	263	263
B.1.318	22	22
B.1.319	178	178
B.1.320	865	860
B.1.321	16	16
B.1.323	138	138
B.1.324	633	633
B.1.325	20	20
B.1.328	29	29
B.1.329	35	35
B.1.330	115	115
B.1.332	184	184
B.1.333	7	7
B.1.334	17	17
B.1.335	25	25
B.1.336	207	207
B.1.337	231	231
B.1.338	101	101
B.1.340	152	152
B.1.341	13	13
B.1.342	2	2
B.1.344	56	56
B.1.346	396	396
B.1.348	49	49
B.1.349	788	788
B.1.35	149	149
B.1.350	13	6
B.1.350.1	7	7
B.1.351	9608	8850
B.1.351.2	285	285
B.1.351.3	465	465
B.1.351.5	8	8
B.1.355	54	54
B.1.356	236	236
B.1.357	3	3
B.1.359	22	22
B.1.36	7688	1166
B.1.36.1	391	391
B.1.36.10	72	72
B.1.36.12	106	106
B.1.36.16	421	421
B.1.36.17	2650	2166
B.1.36.18	16	16
B.1.36.19	4	4
B.1.36.2	202	202
B.1.36.20	74	74
B.1.36.21	5	5
B.1.36.22	21	21
B.1.36.23	47	47
B.1.36.24	157	157
B.1.36.26	9	9
B.1.36.27	604	604
B.1.36.28	185	185
B.1.36.29	209	209
B.1.36.31	211	211
B.1.36.34	34	34
B.1.36.35	289	289
B.1.36.38	260	58
B.1.36.39	484	484
B.1.36.7	139	139
B.1.36.8	332	323
B.1.36.9	299	299
B.1.360	87	87
B.1.361	641	641
B.1.362	319	107
B.1.362.1	15	15
B.1.362.2	197	197
B.1.363	229	229
B.1.366	196	196
B.1.367	806	806
B.1.369	4698	4677
B.1.37	65	65
B.1.370	95	95
B.1.372	3	3
B.1.375	800	800
B.1.377	163	163
B.1.378	26	26
B.1.379	55	55
B.1.38	30	30
B.1.381	146	146
B.1.382	110	110
B.1.383	129	129
B.1.384	293	293
B.1.385	90	90
B.1.389	935	935
B.1.39	15	15
B.1.390	82	82
B.1.391	891	891
B.1.393	16	16
B.1.395	251	102
B.1.396	610	610
B.1.397	156	156
B.1.398	89	89
B.1.399	364	364
B.1.40	60	60
B.1.400	2267	2062
B.1.400.1	57	57
B.1.401	413	345
B.1.402	92	92
B.1.403	304	304
B.1.404	542	542
B.1.405	68	68
B.1.407	25	25
B.1.408	172	172
B.1.409	772	772
B.1.411	7	7
B.1.413	229	229
B.1.415	35	35
B.1.415.1	20	20
B.1.416	261	261
B.1.416.1	379	379
B.1.418	70	70
B.1.420	51	51
B.1.421	148	148
B.1.422	3	3
B.1.423	81	81
B.1.424	7	7
B.1.425	253	253
B.1.426	1031	1031
B.1.427	14549	14549
B.1.428	78	27
B.1.428.1	29	29
B.1.428.2	12	12
B.1.428.3	3	3
B.1.429	46510	31920
B.1.429.1	41	41
B.1.431	25	25
B.1.433	258	258
B.1.435	71	71
B.1.436	92	92
B.1.437	39	39
B.1.438	153	44
B.1.438.1	27	27
B.1.438.3	21	21
B.1.438.4	61	61
B.1.439	104	104
B.1.44	126	126
B.1.441	53	53
B.1.442	25	25
B.1.443	176	176
B.1.444	68	68
B.1.445	31	31
B.1.448	145	145
B.1.450	25	25
B.1.451	52	52
B.1.451_no29179	54	54
B.1.452	96	73
B.1.453	271	271
B.1.456	2	2
B.1.459	2	2
B.1.460	47	47
B.1.462	32	32
B.1.463	3	3
B.1.465	195	195
B.1.466	14	14
B.1.466.1	39	39
B.1.466.2	42	39
B.1.467	23	23
B.1.468	7717	29
B.1.469	140	140
B.1.470	12	12
B.1.471	326	326
B.1.473	46	46
B.1.474	40	40
B.1.478	62	62
B.1.479	26	26
B.1.480	92	92
B.1.483	6	6
B.1.485	66	66
B.1.487	9	9
B.1.489	32	32
B.1.491	18	18
B.1.492	143	143
B.1.493	29	29
B.1.494	21	21
B.1.495	11	11
B.1.496	25	25
B.1.497	52	52
B.1.498	21	21
B.1.499	74	71
B.1.499.1	3	3
B.1.500	9	9
B.1.501	33	33
B.1.502	14	14
B.1.503	364	364
B.1.504	14	14
B.1.505	40	40
B.1.507	53	53
B.1.508	31	31
B.1.509	806	806
B.1.510	4	4
B.1.511	3	3
B.1.513	6	6
B.1.515	59	59
B.1.516	218	218
B.1.517	1750	1750
B.1.518	178	178
B.1.520	10	10
B.1.521	113	113
B.1.523	239	239
B.1.524	78	78
B.1.525	2963	2963
B.1.526	37279	37279
B.1.530	140	140
B.1.531	14	14
B.1.532	166	166
B.1.533	70	70
B.1.539	51	51
B.1.541	117	117
B.1.543	57	57
B.1.544	156	156
B.1.545	44	44
B.1.546	41	41
B.1.548	11	11
B.1.549	160	160
B.1.550	62	62
B.1.551	750	750
B.1.552	35	35
B.1.554	80	80
B.1.555	23	23
B.1.556	80	80
B.1.557	19	19
B.1.558	261	261
B.1.559	40	40
B.1.560	252	212
B.1.561	1930	1930
B.1.562	4	4
B.1.563	55	55
B.1.564	4703	5
B.1.564.1	4	4
B.1.565	1311	1311
B.1.567	171	171
B.1.568	795	795
B.1.569	23	23
B.1.570	422	422
B.1.571	17	17
B.1.572	62	42
B.1.574	124	124
B.1.575	3094	3057
B.1.575.1	37	37
B.1.576	613	260
B.1.577	1112	1112
B.1.578	29	29
B.1.579	49	49
B.1.580	699	58
B.1.581	16	16
B.1.582	3015	1505
B.1.585	27	27
B.1.586	5	5
B.1.587	127	127
B.1.588	822	822
B.1.589	15	15
B.1.590	21	21
B.1.591	86	86
B.1.594	20	20
B.1.595	4996	2384
B.1.595.1	88	88
B.1.595.2	14	14
B.1.595.3	21	21
B.1.595.4	156	156
B.1.596	1310	1310
B.1.596.1	23	23
B.1.597	980	174
B.1.599	160	160
B.1.6	15	15
B.1.600	5	5
B.1.601	12	12
B.1.602	138	138
B.1.603	85	85
B.1.604	37	37
B.1.605	160	160
B.1.606	23	23
B.1.607	18	18
B.1.609	1227	1147
B.1.610	318	318
B.1.617	2906682	92
B.1.617.1	1059	1059
B.1.617.2	2905503	86257
B.1.617.3	28	28
B.1.618	2	2
B.1.619	365	357
B.1.619.1	8	8
B.1.620	191	191
B.1.621	6295	4808
B.1.621.1	1406	1105
B.1.621.2	81	81
B.1.623	2085	2085
B.1.625	264	264
B.1.626	112	112
B.1.627	338	338
B.1.629	11	11
B.1.631	183	183
B.1.632	62	62
B.1.633	3	3
B.1.634	202	202
B.1.635	20	20
B.1.636	83	83
B.1.637	12418	12362
B.1.637.1	56	56
B.1.639	43	43
B.1.640	84	1
B.1.640.1	55	55
B.1.640.2	28	28
B.1.67	22	22
B.1.69	23	23
B.1.70	36	36
B.1.76	84	84
B.1.77	23	23
B.1.78	102	51
B.1.8	259	259
B.1.81	33	33
B.1.9	325	53
B.1.9.1	32	32
B.1.9.2	10	10
B.1.9.4	170	170
B.1.9.5	60	60
B.1.91	149	149
B.1.93	1091	1091
B.1.96	33	33
B.1.97	41	41
B.10	139	139
B.11	123	123
B.12	21	21
B.13	21	21
B.15	63	63
B.18	21	21
B.19	27	27
B.20	43	43
B.23	355	355
B.26	68	68
B.27	60	60
B.28	265	265
B.29	247	247
B.3	1398	774
B.3.1	624	624
B.30	26	26
B.31	270	270
B.32	37	37
B.33	2107	1361
B.34	75	75
B.35	121	121
B.37	5	5
B.38	2	2
B.39	506	429
B.4	326	189
B.4.4	30	30
B.4.5	79	79
B.4.7	21	21
B.4.8	7	7
B.40	2605	2527
B.41	9	9
B.42	6	6
B.43	23	23
B.45	268	268
B.46	56	56
B.47	50	50
B.5	18	18
B.51	20	20
B.52	89	89
B.55	323	200
B.57	68	68
B.58	77	77
B.6	303	286
B.6.6	17	17
B.60	78	78
B.61	2754	149
BA.1	1122418	228035
BA.1.1	535623	458910
BA.1.1.1	19596	19058
BA.1.1.10	997	997
BA.1.1.11	3147	3147
BA.1.1.12	4338	4338
BA.1.1.13	8505	8505
BA.1.1.14	13646	13646
BA.1.1.15	14971	14971
BA.1.1.16	791	791
BA.1.1.17	289	289
BA.1.1.18	36682	36682
BA.1.1.2	5419	5419
BA.1.1.3	363	363
BA.1.1.4	1826	1826
BA.1.1.5	3	3
BA.1.1.6	84	84
BA.1.1.7	303	303
BA.1.1.8	736	736
BA.1.1.9	1557	1557
BA.1.10	2130	2130
BA.1.12	2859	2859
BA.1.13	1013	988
BA.1.13.1	25	25
BA.1.14	3122	2712
BA.1.14.1	323	323
BA.1.14.2	87	87
BA.1.15	104884	72420
BA.1.15.1	30912	30912
BA.1.15.2	1427	1427
BA.1.15.3	39	39
BA.1.16	11804	11740
BA.1.16.1	42	42
BA.1.16.2	22	22
BA.1.17	153286	21735
BA.1.17.1	11	11
BA.1.17.2	131540	126416
BA.1.18	21097	21097
BA.1.19	2038	2038
BA.1.20	16175	16175
BA.1.21	1490	1360
BA.1.21.1	130	130
BA.1.23	17	17
BA.1.3	12	12
BA.1.4	37	37
BA.1.5	516	516
BA.1.6	94	94
BA.1.7	723	723
BA.1.8	689	689
BA.1.9	92	92
BA.1_dropout	1124517	2099
BA.2	2901466	717691
BA.2.1	14596	14596
BA.2.10	417648	21966
BA.2.10.1	395480	2794
BA.2.10.2	91	91
BA.2.10.3	92	92
BA.2.10.4	19	19
BA.2.11	153	153
BA.2.12	175090	4067
BA.2.12.1	170879	169010
BA.2.12.2	62	62
BA.2.13	2780	2085
BA.2.13.1	695	695
BA.2.14	1332	1332
BA.2.15	99	99
BA.2.16	552	552
BA.2.17	88	88
BA.2.18	7889	7889
BA.2.19	515	515
BA.2.2	753	634
BA.2.2.1	119	119
BA.2.20	569	569
BA.2.21	870	870
BA.2.22	2053	2053
BA.2.23	16422	15429
BA.2.23.1	993	993
BA.2.24	260	260
BA.2.25	268	211
BA.2.25.1	57	57
BA.2.26	910	910
BA.2.27	42	42
BA.2.28	70	70
BA.2.29	160	160
BA.2.3	50879	42661
BA.2.3.1	338	338
BA.2.3.10	187	187
BA.2.3.11	196	196
BA.2.3.12	134	134
BA.2.3.13	309	309
BA.2.3.14	145	145
BA.2.3.15	439	439
BA.2.3.16	11	11
BA.2.3.17	1674	1674
BA.2.3.18	12	12
BA.2.3.2	686	686
BA.2.3.20	2733	1063
BA.2.3.21	3	3
BA.2.3.22	10	10
BA.2.3.4	428	428
BA.2.3.5	156	156
BA.2.3.6	312	312
BA.2.3.7	82	82
BA.2.3.9	272	272
BA.2.3.9_rev10198	20	20
BA.2.30	39	39
BA.2.31	698	698
BA.2.31.1	148	148
BA.2.32	571	571
BA.2.33	5	5
BA.2.34	110	110
BA.2.35	79	79
BA.2.36	4213	4213
BA.2.37	6140	6140
BA.2.38	1617	1463
BA.2.38.1	66	66
BA.2.38.2	17	17
BA.2.38.3	67	5
BA.2.38.4	4	4
BA.2.39	789	789
BA.2.4	120	120
BA.2.40	576	5
BA.2.40.1	571	571
BA.2.41	1626	1626
BA.2.42	156	156
BA.2.43	70	70
BA.2.44	289	289
BA.2.45	169	169
BA.2.46	204	204
BA.2.47	1101	1101
BA.2.48	1358	1358
BA.2.49	756	756
BA.2.5	1551	1551
BA.2.50	829	829
BA.2.51	266	266
BA.2.52	615	615
BA.2.53	281	281
BA.2.54	285	285
BA.2.55	203	203
BA.2.56	889	889
BA.2.57	49	49
BA.2.58	20	20
BA.2.59	83	83
BA.2.6	788	788
BA.2.60	41	41
BA.2.61	19	19
BA.2.62	35	35
BA.2.63	95	95
BA.2.64	141	141
BA.2.65	1160	1160
BA.2.66	29	29
BA.2.67	286	286
BA.2.68	106	106
BA.2.69	7	7
BA.2.7	3064	3064
BA.2.70	115	115
BA.2.71	114	114
BA.2.72	643	643
BA.2.73	538	538
BA.2.74	216	216
BA.2.75	65719	722
BA.2.75.1	1314	554
BA.2.75.10	17	17
BA.2.75.2	2564	1541
BA.2.75.2_no5192	20	7
BA.2.75.3	35096	122
BA.2.75.4	1546	96
BA.2.75.5	23335	543
BA.2.75.6	3072	23
BA.2.75.7	60	38
BA.2.75.9	226	8
BA.2.75_dropout	65727	8
BA.2.76	732	732
BA.2.77	15	15
BA.2.78	66	66
BA.2.79	76	73
BA.2.79.1	3	3
BA.2.8	7730	7730
BA.2.80	25	25
BA.2.81	62	62
BA.2.82	21	21
BA.2.83	7	7
BA.2.85	8	8
BA.2.86	192176	85
BA.2.86.1	191470	2743
BA.2.86.2	140	140
BA.2.86.3	361	135
BA.2.86.4	19	19
BA.2.86.5	43	43
BA.2.86.6	56	22
BA.2.86.7	2	2
BA.2.86_dropout	192183	7
BA.2.87	5	5
BA.2.9	124415	121086
BA.2.9.1	791	791
BA.2.9.2	595	595
BA.2.9.3	1056	1056
BA.2.9.4	79	79
BA.2.9.5	211	211
BA.2.9.6	225	225
BA.2.9.7	372	372
BA.2_10507_18744	1395	1395
BA.2_17079_27945	12	12
BA.2_21765_no22792	2441	1913
BA.2_22792_27945	3222	3222
BA.2_25416_27945	28	28
BA.2_dropout	2901894	266
BA.3	162	78
BA.3.1	84	84
BA.4	98362	18606
BA.4.1	37610	33111
BA.4.1.1	1528	1528
BA.4.1.10	78	71
BA.4.1.11	141	141
BA.4.1.2	41	41
BA.4.1.3	67	67
BA.4.1.4	90	90
BA.4.1.5	46	46
BA.4.1.6	885	885
BA.4.1.8	1377	1377
BA.4.1.9	246	246
BA.4.2	2875	2875
BA.4.3	53	53
BA.4.4	4208	4208
BA.4.5	130	130
BA.4.6	33939	30099
BA.4.6.1	878	878
BA.4.6.2	87	87
BA.4.6.3	326	326
BA.4.6.4	109	109
BA.4.6.5	2440	2329
BA.4.7	841	841
BA.4.8	98372	10
BA.4_dropout	1051133	457
BA.5	951520	9700
BA.5.1	173488	98951
BA.5.1.1	7018	7018
BA.5.1.10	7950	6754
BA.5.1.11	538	538
BA.5.1.12	717	717
BA.5.1.15	51	51
BA.5.1.15_no10183	563	381
BA.5.1.16	114	114
BA.5.1.17	682	682
BA.5.1.18	1565	1565
BA.5.1.19	241	241
BA.5.1.2	3508	3508
BA.5.1.20	74	74
BA.5.1.21	1022	598
BA.5.1.22	8292	8185
BA.5.1.23	6817	6612
BA.5.1.24	3358	3315
BA.5.1.25	2782	2629
BA.5.1.26	247	241
BA.5.1.27	1886	1886
BA.5.1.28	151	151
BA.5.1.29	1495	2
BA.5.1.3	5722	5722
BA.5.1.30	8115	8115
BA.5.1.31	75	75
BA.5.1.32	49	49
BA.5.1.33	677	607
BA.5.1.34	1443	1443
BA.5.1.35	1203	1035
BA.5.1.36	88	88
BA.5.1.37	41	41
BA.5.1.38	13	13
BA.5.1.4	892	892
BA.5.1.5	4266	4266
BA.5.1.6	1920	1920
BA.5.1.7	372	372
BA.5.1.8	43	43
BA.5.1.9	469	469
BA.5.10	1392	475
BA.5.10.1	917	52
BA.5.11	2281	2281
BA.5.12	171	171
BA.5.1_no27438	173623	135
BA.5.1_no29666	444	444
BA.5.2	414279	92504
BA.5.2.1	247113	124987
BA.5.2.10	27	27
BA.5.2.11	6	6
BA.5.2.12	218	218
BA.5.2.13	2360	2360
BA.5.2.14	200	200
BA.5.2.16	1427	539
BA.5.2.18	1432	479
BA.5.2.19	595	595
BA.5.2.2	1148	1148
BA.5.2.20	9045	8928
BA.5.2.21	5711	4851
BA.5.2.22	1558	1558
BA.5.2.23	1053	1053
BA.5.2.24	3618	122
BA.5.2.25	578	398
BA.5.2.26	1756	1539
BA.5.2.27	1172	1097
BA.5.2.28	1189	1189
BA.5.2.29	288	288
BA.5.2.3	4988	4736
BA.5.2.30	188	188
BA.5.2.31	1032	868
BA.5.2.32	79	79
BA.5.2.33	733	492
BA.5.2.34	2460	2460
BA.5.2.35	2591	2591
BA.5.2.36	160	126
BA.5.2.37	165	165
BA.5.2.38	49	15
BA.5.2.39	107	107
BA.5.2.4	181	181
BA.5.2.40	4	4
BA.5.2.41	16	16
BA.5.2.43	29	29
BA.5.2.44	200	200
BA.5.2.45	4	4
BA.5.2.46	9	9
BA.5.2.47	484	297
BA.5.2.48	8470	1169
BA.5.2.49	316	247
BA.5.2.5	5	5
BA.5.2.50	46	46
BA.5.2.51	11	11
BA.5.2.52	198	198
BA.5.2.53	322	322
BA.5.2.54	114	114
BA.5.2.55	24	24
BA.5.2.56	132	132
BA.5.2.57	346	346
BA.5.2.58	512	512
BA.5.2.59	301	301
BA.5.2.6	4499	3458
BA.5.2.60	71	71
BA.5.2.61	36	36
BA.5.2.62	133	133
BA.5.2.63	16	16
BA.5.2.7	1215	1177
BA.5.2.8	488	488
BA.5.2.9	9911	9911
BA.5.2_quad_22599T	24	24
BA.5.3	273193	2163
BA.5.3.1	266283	2998
BA.5.3.2	1673	1673
BA.5.3.3	2130	2130
BA.5.3.4	605	605
BA.5.3.5	339	339
BA.5.5	40161	37503
BA.5.5.1	1466	1466
BA.5.5.2	705	705
BA.5.5.3	487	487
BA.5.6	25399	23324
BA.5.6.1	165	165
BA.5.6.2	1652	716
BA.5.6.3	184	184
BA.5.6.4	74	74
BA.5.7	25	25
BA.5.8	3122	3122
BA.5.9	4785	4785
BA.5_dropout	952006	486
BB.2	301	301
BC.1	533	533
BC.2	5	5
BD.1	5124	5124
BE.1	18830	14887
BE.1.1	236225	30867
BE.1.1.1	201764	1545
BE.1.1.2	3594	3472
BE.1.2	1320	690
BE.1.2.1	630	628
BE.1.3	405	405
BE.1.4	2218	1649
BE.1.4.1	196	196
BE.1.4.2	293	293
BE.1.4.3	11	11
BE.1.4.4	69	69
BE.10	259	259
BE.11	26	26
BE.12	331	331
BE.13	45	45
BE.2	940	940
BE.3	5746	5746
BE.4	2057	349
BE.4.1	1407	275
BE.4.1.1	1132	158
BE.4.2	301	301
BE.5	491	491
BE.6	36	36
BE.7	85	85
BE.8	53	53
BE.9	213	213
BE.9_alt	5	5
BF.1	6184	5944
BF.1.1	240	240
BF.10	13492	13431
BF.10.1	61	61
BF.11	6906	4600
BF.11.1	624	624
BF.11.2	818	818
BF.11.3	168	168
BF.11.4	310	310
BF.11.5	386	386
BF.12	155	155
BF.13	1302	1302
BF.14	2549	2549
BF.15	289	289
BF.16	398	398
BF.17	23	23
BF.18	63	63
BF.19	53	53
BF.2	1031	1031
BF.20	145	145
BF.21	4274	4274
BF.22	156	156
BF.23	88	88
BF.24	48	48
BF.24_alt	2221	2221
BF.25	493	493
BF.26	6914	6914
BF.27	4468	4468
BF.28	5230	5230
BF.29	283	283
BF.3	667	547
BF.3.1	35	35
BF.30	116	116
BF.31	232	153
BF.31.1	79	79
BF.32	399	399
BF.34	62	62
BF.35	2	2
BF.36	910	910
BF.37	3	3
BF.38	82	78
BF.38.3	4	4
BF.39	852	843
BF.39.1	9	9
BF.4	2334	2334
BF.40	88	88
BF.41	315	299
BF.41.1	16	16
BF.5	15816	13340
BF.5.1	17	17
BF.5.2	12	12
BF.5.4	43	43
BF.5.5	135	135
BF.6	1366	1366
BF.7	40829	20796
BF.7.1	301	301
BF.7.10	148	148
BF.7.11	70	70
BF.7.12	78	78
BF.7.13	115	8
BF.7.13.1	24	24
BF.7.13.2	83	83
BF.7.14	3716	2510
BF.7.14.1	354	354
BF.7.14.2	48	48
BF.7.14.3	40	40
BF.7.14.4	249	249
BF.7.14.5	298	298
BF.7.14.6	149	149
BF.7.14.7	68	68
BF.7.15	89	89
BF.7.16	53	53
BF.7.17	36	36
BF.7.18	9	9
BF.7.19	521	493
BF.7.19.1	28	28
BF.7.2	198	198
BF.7.20	946	946
BF.7.21	754	754
BF.7.22	672	672
BF.7.23	430	430
BF.7.24	765	765
BF.7.26	177	177
BF.7.27	277	277
BF.7.3	128	128
BF.7.4	5034	2895
BF.7.4.1	1854	1854
BF.7.4.2	283	283
BF.7.4.3	2	2
BF.7.5	3217	2967
BF.7.5.1	250	250
BF.7.6	1592	1592
BF.7.7	534	534
BF.7.8	144	144
BF.7.9	29	29
BF.8	3375	3375
BF.9	182	182
BG.1	32	32
BG.2	743	743
BG.3	12	12
BG.4	46	46
BG.5	1036	1036
BH.1	62	62
BJ.1	9	9
BK.1	1196	1196
BL.1	513	454
BL.1.1	4	4
BL.1.2	5	5
BL.1.3	19	19
BL.1.4	25	25
BL.1.5	6	6
BL.2	130	130
BL.3	34	34
BL.4	24	24
BL.5	27	27
BL.6	32	32
BM.1	22	22
BM.1.1	5028	240
BM.1.1.1	3752	76
BM.1.1.2	12	12
BM.1.1.3	950	719
BM.1.1.4	44	31
BM.1.1.5	30	30
BM.2	72	17
BM.2.1	22	22
BM.2.3	3	3
BM.3	5	5
BM.4	34873	4
BM.4.1	34869	8
BM.4.1.1	34861	285
BM.5	19	19
BM.6	2	2
BN.1	22116	2546
BN.1.1	271	174
BN.1.1.1	97	97
BN.1.10	89	89
BN.1.11	9	9
BN.1.2	3964	1747
BN.1.2.1	713	713
BN.1.2.2	98	98
BN.1.2.3	1190	277
BN.1.2.4	79	79
BN.1.2.5	14	14
BN.1.2.6	73	73
BN.1.2.7	36	36
BN.1.2.8	14	14
BN.1.3	9137	3493
BN.1.3.1	4325	3146
BN.1.3.10	9	9
BN.1.3.11	7	7
BN.1.3.12	145	145
BN.1.3.13	6	6
BN.1.3.2	22	22
BN.1.3.3	95	95
BN.1.3.4	10	10
BN.1.3.5	217	217
BN.1.3.6	434	434
BN.1.3.7	166	166
BN.1.3.8	170	35
BN.1.3.9	38	38
BN.1.4	2404	636
BN.1.4.1	175	175
BN.1.4.2	192	192
BN.1.4.3	209	209
BN.1.4.4	1077	1077
BN.1.4.5	115	115
BN.1.5	2674	2586
BN.1.5.2	88	88
BN.1.6	18	18
BN.1.7	780	780
BN.1.8	11	11
BN.1.9	213	213
BN.2	41	13
BN.2.1	28	28
BN.3	436	17
BN.3.1	419	419
BN.4	10	10
BN.5	72	72
BN.6	117	117
BQ.1	200113	11274
BQ.1.1	132727	67869
BQ.1.1.1	2241	2096
BQ.1.1.10	1225	1078
BQ.1.1.11	224	219
BQ.1.1.12	5	5
BQ.1.1.13	4528	653
BQ.1.1.14	63	55
BQ.1.1.15	1021	979
BQ.1.1.16	57	57
BQ.1.1.17	180	180
BQ.1.1.18	3256	2674
BQ.1.1.19	357	357
BQ.1.1.2	3315	2304
BQ.1.1.20	4324	4324
BQ.1.1.21	100	100
BQ.1.1.22	1413	1016
BQ.1.1.23	1151	1151
BQ.1.1.24	965	965
BQ.1.1.25	61	61
BQ.1.1.26	176	176
BQ.1.1.27	280	280
BQ.1.1.28	931	894
BQ.1.1.29	301	301
BQ.1.1.3	3579	3260
BQ.1.1.30	25	25
BQ.1.1.31	466	466
BQ.1.1.32	2820	1987
BQ.1.1.34	58	58
BQ.1.1.35	588	397
BQ.1.1.36	116	116
BQ.1.1.37	41	41
BQ.1.1.38	263	68
BQ.1.1.39	96	91
BQ.1.1.4	5299	4078
BQ.1.1.40	418	418
BQ.1.1.41	1205	1205
BQ.1.1.42	281	281
BQ.1.1.43	341	295
BQ.1.1.44	32	32
BQ.1.1.45	587	587
BQ.1.1.46	67	67
BQ.1.1.46_25406	276	57
BQ.1.1.47	258	258
BQ.1.1.48	127	127
BQ.1.1.49	84	84
BQ.1.1.5	5537	2525
BQ.1.1.51	1018	1018
BQ.1.1.52	906	602
BQ.1.1.53	429	66
BQ.1.1.54	399	399
BQ.1.1.55	22	22
BQ.1.1.56	195	195
BQ.1.1.57	376	376
BQ.1.1.58	106	106
BQ.1.1.59	79	79
BQ.1.1.6	1134	1134
BQ.1.1.60	84	84
BQ.1.1.61	66	66
BQ.1.1.62	38	38
BQ.1.1.63	402	402
BQ.1.1.64	13	13
BQ.1.1.65	326	285
BQ.1.1.66	152	152
BQ.1.1.67	487	487
BQ.1.1.68	1005	1005
BQ.1.1.69	1912	1912
BQ.1.1.7	1768	1647
BQ.1.1.70	25	25
BQ.1.1.71	144	132
BQ.1.1.72	264	258
BQ.1.1.74	119	44
BQ.1.1.76	10	10
BQ.1.1.77	63	63
BQ.1.1.78	3	3
BQ.1.1.79	34	34
BQ.1.1.8	2233	2214
BQ.1.1.9	23	23
BQ.1.10	4522	3097
BQ.1.10.1	1214	775
BQ.1.10.2	180	180
BQ.1.10.3	31	31
BQ.1.11	2935	2899
BQ.1.11.1	36	36
BQ.1.12	3954	3954
BQ.1.13	3205	1675
BQ.1.13.1	1530	1530
BQ.1.14	3043	3043
BQ.1.15	1032	1015
BQ.1.15.1	8	8
BQ.1.15.2	9	9
BQ.1.16	215	215
BQ.1.17	92	92
BQ.1.18	2151	2151
BQ.1.19	19	19
BQ.1.2	6157	5026
BQ.1.2.1	339	228
BQ.1.2.2	55	14
BQ.1.2.3	737	737
BQ.1.20	139	139
BQ.1.21	340	340
BQ.1.22	139	139
BQ.1.23	1637	1637
BQ.1.24	89	89
BQ.1.25	1965	1021
BQ.1.25.1	941	941
BQ.1.26	549	174
BQ.1.26.1	330	330
BQ.1.26.2	45	45
BQ.1.27	133	133
BQ.1.28	592	592
BQ.1.29	71	71
BQ.1.3	4033	136
BQ.1.3.1	719	719
BQ.1.3.2	3178	3178
BQ.1.30	3	3
BQ.1.31	91	91
BQ.1.32	59	59
BQ.1.33	25	25
BQ.1.4	305	305
BQ.1.5	2228	2228
BQ.1.6	723	723
BQ.1.7	114	114
BQ.1.8	4920	4088
BQ.1.8.1	16	16
BQ.1.8.2	816	737
BQ.1.9	161	161
BQ.1_17039	19669	12764
BQ.2	106	106
BR.1	500	332
BR.1.2	168	168
BR.2	850	91
BR.2.1	759	759
BR.3	53	53
BR.4	19	19
BR.5	28	21
BR.5.1	7	7
BS.1	71	17
BS.1.1	54	54
BT.1	111	111
BT.2	313	313
BU.1	589	589
BU.2	96	96
BU.3	203	203
BV.1	117	117
BV.2	98	98
BW.1	936	217
BW.1.1	712	392
BW.1.1.1	206	206
BW.1.1.2	114	114
BW.1.2	7	7
BY.1	485	377
BY.1.1	50	2
BY.1.1.1	48	48
BY.1.2	47	47
BZ.1	131	131
BZ.2	121	121
C.1	31	22
C.12	124	124
C.13	5	5
C.14	23	23
C.16	327	327
C.17	1831	547
C.18	31	31
C.2	47	8
C.2.1	39	39
C.20	11	11
C.23	128	128
C.25	2	2
C.26	17	17
C.27	59	59
C.28	14	14
C.3	139	139
C.30	606	601
C.30.1	5	5
C.31	22	22
C.32	3	3
C.33	3	3
C.35	564	564
C.36	1916	85
C.36.1	4	4
C.36.2	27	27
C.36.3	1253	1002
C.36.3.1	251	251
C.37	2253	2148
C.37.1	105	105
C.38	71	71
C.4	17	17
C.5	11	11
C.8	3	3
CA.1	201	201
CA.2	20	20
CA.3	342	106
CA.3.1	236	236
CA.5	95	95
CA.6	11	11
CA.7	334	334
CB.1	218	218
CC.1	122	122
CD.1	55	55
CD.2	109	109
CE.1	241	241
CF.1	75	75
CG.1	217	217
CH.1	29534	8
CH.1.1	29526	9801
CH.1.1.1	9897	3140
CH.1.1.10	399	399
CH.1.1.11	1068	478
CH.1.1.12	845	571
CH.1.1.13	292	292
CH.1.1.14	205	205
CH.1.1.15	280	280
CH.1.1.16	151	151
CH.1.1.17	575	36
CH.1.1.18	167	167
CH.1.1.19	984	831
CH.1.1.2	1670	1670
CH.1.1.20	54	54
CH.1.1.21	55	55
CH.1.1.22	30	30
CH.1.1.23	44	44
CH.1.1.24	250	250
CH.1.1.25	630	630
CH.1.1.26	51	51
CH.1.1.27	47	47
CH.1.1.28	237	237
CH.1.1.29	5	5
CH.1.1.3	152	147
CH.1.1.30	40	40
CH.1.1.32	96	96
CH.1.1.4	9	9
CH.1.1.5	385	385
CH.1.1.6	553	553
CH.1.1.7	72	72
CH.1.1.8	241	241
CH.1.1.9	232	232
CH.2	8	8
CH.3	6	1
CH.3.1	5	5
CJ.1	434	8
CJ.1.1	26	26
CJ.1.2	361	361
CJ.1.3	39	35
CJ.1.3.1	2	2
CJ.1.3.2	2	2
CK.1	1678	712
CK.1.1	6	0
CK.1.1.1	2	2
CK.1.1.2	4	4
CK.1.2	52	52
CK.1.3	142	142
CK.1.4	478	478
CK.1.5	288	288
CK.2	1507	181
CK.2.1	1326	256
CK.2.1.1	1070	959
CK.3	213	213
CL.1	1493	1156
CL.1.1	242	242
CL.1.2	22	22
CL.1.3	73	73
CM.1	27	27
CM.10	64	64
CM.11	16	16
CM.12	33	33
CM.2	553	549
CM.2.1	4	4
CM.3	27	27
CM.4	147	124
CM.4.1	23	23
CM.5	161	76
CM.5.1	10	10
CM.5.2	75	75
CM.6	33	10
CM.6.1	23	23
CM.7	16	8
CM.7.1	8	4
CM.7.1.1	4	4
CM.8	486	6
CM.8.1	480	380
CM.8.1.1	24	1
CM.8.1.2	15	15
CM.8.1.3	35	35
CM.8.1.4	26	26
CM.9	31	31
CN.1	523	523
CN.2	337	337
CP.1	650	461
CP.1.1	97	97
CP.1.2	59	59
CP.1.3	33	33
CP.2	46	46
CP.3	13	13
CP.4	53	53
CP.5	101	101
CP.6	26	26
CP.7	2	2
CP.8	150	150
CQ.1	297	196
CQ.1.1	101	101
CQ.2	677	677
CR.1	899	311
CR.1.1	535	535
CR.1.3	53	53
CR.2	54	54
CS.1	7	7
CT.1	34	34
CU.1	6	6
CV.1	220	220
CV.2	11	11
CW.1	8	8
CY.1	32	32
CY.2	6	6
CZ.1	2	2
CZ.2	143	143
D.2	11458	11458
D.3	151	151
D.4	12	12
D.5	3	3
DA.1	34	34
DB.1	157	157
DB.2	23	23
DC.1	111	111
DE.1	147	147
DE.2	58	58
DF.1	865	470
DF.1.1	395	395
DG.1	111	111
DH.1	107	107
DJ.1	153	11
DJ.1.1	129	81
DJ.1.1.1	48	48
DJ.1.2	4	4
DJ.1.3	9	9
DK.1	121	121
DL.1	182	182
DM.1	42	42
DN.1	1367	407
DN.1.1	960	664
DN.1.1.1	50	50
DN.1.1.2	42	42
DN.1.1.3	119	119
DN.1.1.4	85	85
DN.2	1608	1608
DN.3	37	16
DN.3.1	21	21
DP.1	19	19
DQ.1	187	187
DR.1	204	204
DR.2	115	115
DS.1	73	73
DS.2	331	331
DS.3	775	775
DT.1	84	84
DT.2	682	682
DT.3	67	67
DU.1	1011	1011
DV.1	1071	246
DV.1.1	825	825
DV.2	220	220
DV.3	546	491
DV.3.1	55	55
DV.4	12	12
DV.5	62	62
DV.6	3496	3408
DV.6.1	40	40
DV.6.2	48	48
DV.7	1339	255
DV.7.1	1043	217
DV.7.1.1	20	20
DV.7.1.2	274	244
DV.7.1.3	48	48
DV.7.1.4	226	226
DV.7.1.5	241	233
DV.7.1.6	9	9
DV.7.1.7	8	8
DV.7.2	41	41
DV.8	11	11
DW.1	2	2
DY.1	1243	1169
DY.1.1	74	74
DY.2	2034	2034
DY.3	2431	2431
DY.4	1593	1593
DZ.1	38	38
DZ.2	31	31
EA.1	280	280
EA.2	24	24
EB.1	168	168
EC.1	439	262
EC.1.1	177	177
ED.1	31	31
ED.2	397	397
ED.3	154	154
EE.1	451	451
EE.2	424	424
EE.3	90	90
EE.4	78	78
EE.5	178	178
EF.1	3039	1204
EF.1.1	1301	1114
EF.1.1.1	187	71
EF.1.2	175	175
EF.1.3	359	37
EF.2	795	795
EF.3	41	41
EG.1	3170	1529
EG.1.1	2	2
EG.1.2	163	163
EG.1.3	505	505
EG.1.4	379	374
EG.1.4.1	5	5
EG.1.5	63	63
EG.1.6	348	348
EG.1.7	18	18
EG.1.8	163	163
EG.10	664	11
EG.10.1	653	182
EG.10.1.1	471	471
EG.11	23	23
EG.12	11	11
EG.13	251	251
EG.14	182	182
EG.2	460	437
EG.2.2	9	9
EG.2.3	2	2
EG.2.4	2	2
EG.2.5	10	10
EG.3	147	147
EG.4	617	476
EG.4.1	39	39
EG.4.2	54	54
EG.4.3	19	19
EG.4.4	14	14
EG.4.5	15	15
EG.5	78585	84
EG.5.1	77442	4548
EG.5.1.1	31360	15642
EG.5.1.10	24	24
EG.5.1.11	264	5
EG.5.1.12	66	66
EG.5.1.13	916	916
EG.5.1.14	623	623
EG.5.1.15	297	297
EG.5.1.16	879	879
EG.5.1.17	27	27
EG.5.1.18	45	45
EG.5.1.19	347	347
EG.5.1.2	125	125
EG.5.1.3	8521	4289
EG.5.1.4	3173	3036
EG.5.1.5	176	176
EG.5.1.6	24257	2676
EG.5.1.7	154	154
EG.5.1.8	1331	1020
EG.5.1.9	212	212
EG.5.2	1059	524
EG.5.2.1	339	339
EG.5.2.2	65	65
EG.5.2.3	104	104
EG.5.2.4	27	16
EG.6	1604	21
EG.6.1	1583	1479
EG.6.1.1	86	86
EG.6.1.2	18	18
EG.7	158	158
EG.8	89	89
EG.9	100	17
EG.9.1	83	83
EH.1	37	37
EJ.1	34	34
EJ.2	101	101
EK.2	404	252
EK.2.1	152	152
EK.3	147	147
EK.4	42	42
EL.1	219	219
EM.1	659	659
EN.1	219	215
EN.1.1	4	4
EP.1	4	1
EP.1.1	3	1
EP.1.1.1	2	2
EP.2	9	9
EQ.1	70	70
ER.1	397	242
ER.1.1	155	155
ES.1	41	41
ET.1	191	191
EU.1	1284	75
EU.1.1	1209	870
EU.1.1.1	243	243
EU.1.1.2	16	16
EU.1.1.3	80	80
EV.1	12	12
EW.1	42	42
EW.2	149	149
EW.3	4	4
EY.1	116	116
EZ.1	46	46
FA.1	54	54
FA.2	93	93
FB.1	35	35
FB.2	76	76
FC.1	6	6
FD.1	526	160
FD.1.1	366	366
FD.2	2177	2177
FD.3	47	47
FD.4	776	695
FD.4.1	81	81
FD.5	155	65
FD.5.1	90	90
FE.1	1731	73
FE.1.1	1101	572
FE.1.1.1	443	102
FE.1.1.2	57	57
FE.1.1.3	86	86
FE.1.1.4	12	12
FE.1.1.5	22	22
FE.1.2	466	466
FF.1	79	79
FG.1	49	49
FG.2	112	112
FG.3	142	142
FH.1	202	202
FJ.1	153	153
FK.1	539	29
FK.1.1	270	226
FK.1.1.2	44	44
FK.1.2	169	21
FK.1.2.1	120	120
FK.1.2.2	28	28
FK.1.3	37	9
FK.1.3.1	2	2
FK.1.3.2	26	19
FK.1.4	5	5
FK.1.5	29	29
FL.1	12332	309
FL.1.1	125	123
FL.1.1.1	2	2
FL.1.2	20	20
FL.1.3	101	101
FL.1.4	58	58
FL.1.5	11673	218
FL.1.5.1	10802	8906
FL.1.5.2	653	85
FL.1.6	22	22
FL.1.8	24	24
FL.10	882	621
FL.10.1	234	234
FL.10.2	14	14
FL.10.3	13	13
FL.11	54	54
FL.12	293	293
FL.13	1005	304
FL.13.1	311	311
FL.13.2	168	168
FL.13.3	172	124
FL.13.3.1	48	48
FL.13.4	44	9
FL.13.4.1	35	35
FL.13.5	6	6
FL.14	54	54
FL.15	1089	519
FL.15.1	374	1
FL.15.1.1	373	353
FL.15.2	63	63
FL.15.3	91	91
FL.15.4	42	42
FL.16	537	537
FL.17	89	68
FL.17.1	3	3
FL.17.2	18	18
FL.18	332	299
FL.18.1	33	27
FL.18.1.1	6	6
FL.19	90	19
FL.19.1	71	71
FL.2	4130	1423
FL.2.1	256	256
FL.2.2	27	7
FL.2.2.1	20	20
FL.2.3	2049	2002
FL.2.3.1	47	47
FL.2.4	379	379
FL.2.5	221	221
FL.2.6	32	32
FL.2.7	122	71
FL.2.7.1	51	51
FL.20	694	200
FL.20.1	305	305
FL.20.2	189	189
FL.21	171	41
FL.21.1	12	12
FL.21.2	118	118
FL.22	147	147
FL.23	54	17
FL.23.1	31	31
FL.23.2	6	6
FL.24	267	189
FL.24.1	78	78
FL.25	218	218
FL.26	93	83
FL.26.1	10	10
FL.27	117	117
FL.28	10	10
FL.29	92	92
FL.3	3946	1824
FL.3.1	980	980
FL.3.2	473	473
FL.3.3	450	450
FL.3.4	219	219
FL.30	15	15
FL.31	113	62
FL.31.1	51	51
FL.32	64	31
FL.32.1	33	33
FL.33	73	73
FL.33.1	9	9
FL.34	16	16
FL.35	80	75
FL.35.1	5	5
FL.36	41	41
FL.37	89	89
FL.38	7	7
FL.39	15	15
FL.4	3885	2737
FL.4.1	24	16
FL.4.1.1	8	8
FL.4.10	91	91
FL.4.11	227	227
FL.4.2	317	317
FL.4.3	21	21
FL.4.4	2	2
FL.4.5	101	101
FL.4.6	292	292
FL.4.8	22	22
FL.4.9	51	51
FL.40	14	14
FL.5	1228	1203
FL.5.1	25	25
FL.6	11	11
FL.7	147	147
FL.8	377	377
FL.9	327	327
FM.1	138	138
FM.2	225	225
FN.1	75	75
FP.1	5	5
FP.2	33	3
FP.2.1	30	20
FP.2.1.1	10	10
FP.3	3	3
FP.4	90	90
FQ.1	5	5
FR.1	907	152
FR.1.1	388	388
FR.1.2	26	26
FR.1.3	189	189
FR.1.4	142	142
FR.1.5	10	10
FR.2	6	6
FS.1	274	274
FT.1	12	12
FT.2	20	20
FT.3	317	109
FT.3.1	208	49
FT.3.1.1	159	159
FT.4	30	30
FU.1	3745	3677
FU.1.1	68	31
FU.1.1.1	37	37
FU.2	1496	934
FU.2.1	562	562
FU.3	48	27
FU.3.1	21	21
FU.4	6	6
FU.5	28	28
FV.1	23	23
FW.1	376	76
FW.1.1	300	87
FW.1.1.1	213	213
FW.2	8	8
FY.1	580	37
FY.1.1	84	84
FY.1.2	349	251
FY.1.2.1	31	31
FY.1.2.2	32	32
FY.1.2.3	35	35
FY.1.4	97	39
FY.1.4.1	58	58
FY.2	258	229
FY.2.1	29	29
FY.3	3243	539
FY.3.1	1528	1528
FY.3.2	735	735
FY.3.3	441	441
FY.4	559	19
FY.4.1	391	178
FY.4.1.1	86	86
FY.4.1.2	127	127
FY.4.2	149	149
FY.5	746	68
FY.5.1	223	82
FY.5.1.1	141	141
FY.5.2	30	30
FY.5.3	6	6
FY.5.4	46	46
FY.5.5	373	204
FY.5.5.1	169	169
FY.6	41	15
FY.6.1	12	12
FY.6_2935	14	14
FY.7	3	3
FY.8	112	26
FY.8.1	86	60
FY.8.1.1	26	26
FY.9	51	51
FZ.1	291	101
FZ.1.1	190	190
FZ.2	85	85
G.1	24	24
GA.1	82	82
GA.10	4	2
GA.10.1	2	2
GA.2	38	35
GA.2.1.1	3	3
GA.3	56	56
GA.4	197	6
GA.4.1	185	149
GA.4.1.1	3	3
GA.4.1.2	22	22
GA.4.1.3	11	11
GA.4.2	6	6
GA.5	69	69
GA.6	52	40
GA.6.1	12	12
GA.7	15	2
GA.7.1	7	7
GA.7.2	6	6
GA.8	11	5
GA.8.1	6	6
GA.9	18	18
GB.1	142	142
GB.2	79	79
GC.1	34	34
GC.2	48	48
GD.1	167	167
GD.2	18	18
GE.1	3672	1506
GE.1.1	80	80
GE.1.2	995	72
GE.1.2.1	917	4
GE.1.2.2	6	6
GE.1.3	261	261
GE.1.4	459	459
GE.1.5	329	329
GE.1.6	42	42
GF.1	895	895
GG.1	27	27
GH.1	17	17
GJ.1	3375	11
GJ.1.1	74	74
GJ.1.2	3290	2380
GJ.1.2.1	290	25
GJ.1.2.2	313	313
GJ.1.2.3	2	2
GJ.1.2.4	42	42
GJ.1.2.5	110	110
GJ.1.2.6	90	90
GJ.1.2.7	11	11
GJ.1.2.8	52	52
GJ.2	26	26
GJ.3	110	110
GJ.4	173	173
GJ.5	205	81
GJ.5.1	124	124
GJ.6	19	19
GK.1	3081	203
GK.1.1	1592	1172
GK.1.1.1	420	420
GK.1.10	70	56
GK.1.10.1	12	12
GK.1.11	18	12
GK.1.11.1	6	6
GK.1.2	24	24
GK.1.2.1	51	51
GK.1.3	718	61
GK.1.4	37	37
GK.1.5	15	15
GK.1.6	178	71
GK.1.6.1	107	107
GK.1.7	11	11
GK.1.8	145	131
GK.1.8.1	14	14
GK.1.9	19	19
GK.10	2	2
GK.12	3	3
GK.2	1119	532
GK.2.1	426	404
GK.2.1.1	22	22
GK.2.2	17	17
GK.2.3	71	71
GK.2.4	73	73
GK.3	380	32
GK.3.1	312	312
GK.3.2	36	36
GK.4	49	49
GK.5	4	4
GK.6	48	48
GK.7	41	41
GK.8	33	4
GK.8.1	29	29
GL.1	45	45
GL.3	137	137
GM.1	22	22
GM.2	13	11
GM.3	25	20
GM.3.1	5	5
GN.1	457	268
GN.1.1	145	145
GN.1.2	20	20
GN.1.3	9	9
GN.1.4	15	15
GN.2	10	10
GN.3	11	11
GN.4	29	29
GN.5	3	3
GP.1	54	54
GP.2	430	430
GP.3	106	106
GQ.1	5	5
GR.1	247	247
GS.1	187	187
GS.2	6	6
GS.3	200	200
GS.4	1584	339
GS.4.1	1245	1224
GS.4.1.1	21	21
GS.5	28	28
GS.6	90	90
GS.7	41	37
GS.7.1	4	4
GS.8	40	40
GT.1	2	2
GU.1	155	155
GV.1	258	258
GW.1	186	175
GW.1.1	11	11
GW.2	59	59
GW.3	42	42
GW.4	22	22
GW.5	814	39
GW.5.1	563	55
GW.5.1.1	508	112
GW.5.2	18	18
GW.5.3	175	91
GW.5.3.1	84	84
GY.1	310	281
GY.1.1	29	29
GY.2	45	45
GY.3	13	13
GY.4	6	6
GY.5	372	372
GY.6	170	170
GY.7	95	95
GY.8	25	25
GY.9	31	31
GZ.1	123	123
HA.1	23	23
HA.2	77	77
HB.1	22	22
HC.1	19	19
HC.2	32	32
HC.3	28	28
HC.4	8	8
HD.1	11	6
HD.1.1	5	5
HE.1	320	320
HE.2	21	21
HF.1	2249	1574
HF.1.1	522	522
HF.1.2	153	153
HG.1	14	14
HG.2	98	98
HG.3	4	4
HH.1	354	280
HH.1.1	74	74
HH.2	155	133
HH.2.1	22	22
HH.3	10	10
HH.4	37	37
HH.5	89	89
HH.6	4	4
HH.7	145	145
HH.8	24	12
HH.8.1	12	12
HJ.1	117	117
HK.1	426	277
HK.1.2	149	149
HK.11	364	252
HK.11.1	112	112
HK.12	42	42
HK.13	644	277
HK.13.1	249	249
HK.13.2	118	91
HK.13.2.1	27	27
HK.14	100	100
HK.15	86	86
HK.16	53	53
HK.17	48	48
HK.18	10	10
HK.19	139	139
HK.2	179	117
HK.2.1	62	62
HK.20	348	9
HK.20.1	339	339
HK.21	13	13
HK.22	20	20
HK.23	70	15
HK.23.1	55	46
HK.23.1.1	9	9
HK.24	12	4
HK.24.1	8	8
HK.25	13	13
HK.26	462	436
HK.26.1	26	26
HK.27	786	155
HK.27.1	631	470
HK.27.1.1	161	161
HK.28	259	259
HK.29	453	453
HK.3	8810	4395
HK.3.1	757	757
HK.3.10	68	68
HK.3.11	63	63
HK.3.12	83	83
HK.3.13	226	226
HK.3.14	26	26
HK.3.2	2132	1952
HK.3.2.1	86	86
HK.3.2.2	94	94
HK.3.3	180	180
HK.3.4	259	259
HK.3.5	25	25
HK.3.6	73	73
HK.3.7	37	37
HK.3.8	13	13
HK.3.9	11	11
HK.30	335	322
HK.30_27507T	3	3
HK.31	440	440
HK.32	59	59
HK.33	32	32
HK.34	12	7
HK.34.1	5	5
HK.4	55	55
HK.5	11	11
HK.6	1071	1071
HK.7	166	166
HK.8	459	256
HK.8.1	203	203
HK.9	72	72
HL.1	5	5
HL.2	31	31
HN.1	578	578
HN.2	204	153
HN.2.1	51	51
HN.3	158	59
HN.3.1	80	80
HN.4	417	398
HN.4.1	13	11
HN.4.1.1	2	2
HN.4.2	6	6
HN.5	277	277
HN.6	233	233
HN.7	29	29
HN.8	19	19
HP.1	100	14
HP.1.1	86	86
HQ.1	35	35
HR.1	126	58
HR.1.1	68	68
HS.1	228	178
HS.1.1	50	50
HT.1	204	204
HT.2	191	191
HU.1	106	4
HU.1.1	102	102
HU.2	7	7
HV.1	21526	18964
HV.1.1	883	883
HV.1.10	118	118
HV.1.11	38	38
HV.1.2	319	319
HV.1.3	91	91
HV.1.4	308	308
HV.1.5	170	170
HV.1.6	419	328
HV.1.6.1	91	17
HV.1.7	12	12
HV.1.8	187	187
HV.1.9	17	17
HV.2	55	55
HW.1	237	10
HW.1.1	221	221
HW.1.2	4	4
HW.1.3	2	2
HY.1	142	142
HZ.1	699	699
HZ.2	1002	303
HZ.3	152	152
JA.1	34	34
JB.1	6	4
JB.1.1	2	2
JB.2	7	4
JB.2.1	3	3
JC.1	76	76
JC.2	23	23
JC.3	32	32
JC.4	22	22
JC.5	550	341
JC.5.1	209	209
JC.6	7	7
JD.1	4956	60
JD.1.1	4813	2888
JD.1.1.1	688	688
JD.1.1.2	44	44
JD.1.1.3	137	137
JD.1.1.4	6	6
JD.1.1.5	107	107
JD.1.1.6	84	84
JD.1.1.7	325	325
JD.1.1.8	418	290
JD.1.2	83	35
JD.1.2.1	43	43
JD.1.2.2	5	5
JD.2	36	31
JD.2.1	5	5
JE.1	265	122
JE.1.1	143	28
JE.1.1.1	115	74
JF.1	2167	678
JF.1.1	1489	1447
JF.1.1.2	42	42
JF.2	62	62
JF.3	16	16
JF.4	1116	1116
JG.1	80	80
JG.2	122	122
JG.3	3934	2628
JG.3.1	748	748
JG.3.2	470	470
JG.3.3	11	11
JG.3.4	77	77
JG.4	96	96
JH.1	31	31
JH.2	10	10
JJ.1	137	137
JK.1	103	103
JL.1	7	7
JM.1	127	127
JM.2	96	96
JN.1	183778	35374
JN.1.1	10719	5632
JN.1.1.1	135	135
JN.1.1.10	28	28
JN.1.1.2	32	32
JN.1.1.3	73	64
JN.1.1.4	27	27
JN.1.1.5	287	19
JN.1.1.6	62	43
JN.1.1.7	19	19
JN.1.1.8	37	37
JN.1.1.9	376	376
JN.1.10	21	21
JN.1.11	69774	111
JN.1.11.1	69645	771
JN.1.11.2	18	18
JN.1.12	10	10
JN.1.13	2759	49
JN.1.13.1	2710	1155
JN.1.14	56	56
JN.1.15	226	35
JN.1.15.1	191	25
JN.1.16	15092	582
JN.1.16.1	14208	687
JN.1.16.2	32	32
JN.1.16.3	176	59
JN.1.16.4	37	5
JN.1.16.5	57	13
JN.1.17	141	141
JN.1.18	1687	510
JN.1.18.1	245	14
JN.1.18.2	522	157
JN.1.18.3	769	163
JN.1.18.4	109	96
JN.1.18.5	82	56
JN.1.18.6	383	72
JN.1.18.7	19	3
JN.1.18.8	4	4
JN.1.19	773	773
JN.1.2	1007	982
JN.1.2.1	25	25
JN.1.20	59	59
JN.1.21	122	122
JN.1.22	866	866
JN.1.23	38	24
JN.1.23.1	14	14
JN.1.24	134	113
JN.1.24.1	21	21
JN.1.25	36	4
JN.1.25.1	32	21
JN.1.26	58	58
JN.1.27	101	101
JN.1.28	481	71
JN.1.28.1	410	24
JN.1.29	159	136
JN.1.29.1	23	4
JN.1.3	201	201
JN.1.30	312	144
JN.1.30.1	168	26
JN.1.31	338	338
JN.1.32	2937	387
JN.1.32.1	189	189
JN.1.34	84	84
JN.1.35	10	10
JN.1.36	33	7
JN.1.36.1	26	26
JN.1.37	40	40
JN.1.38	488	221
JN.1.38.1	267	267
JN.1.39	1669	1602
JN.1.39.1	63	63
JN.1.39.2	67	4
JN.1.39.3	301	301
JN.1.4	21940	14904
JN.1.4.1	106	106
JN.1.4.2	1040	958
JN.1.4.3	910	202
JN.1.4.4	43	43
JN.1.4.5	4325	3882
JN.1.4.6	104	104
JN.1.4.7	456	326
JN.1.4.8	96	96
JN.1.4.9	60	13
JN.1.40	45	45
JN.1.41	145	145
JN.1.42	785	655
JN.1.42.1	19	19
JN.1.42.2	111	31
JN.1.43	855	460
JN.1.43.1	395	395
JN.1.44	65	62
JN.1.44.1	3	3
JN.1.45	528	528
JN.1.46	458	458
JN.1.47	387	142
JN.1.47.1	13	13
JN.1.47.2	232	232
JN.1.48	390	24
JN.1.48.1	284	94
JN.1.48.2	7	7
JN.1.48.3	75	75
JN.1.49	120	67
JN.1.49.1	13	13
JN.1.49.2	2	2
JN.1.49.3	38	38
JN.1.5	763	763
JN.1.50	305	160
JN.1.50.1	82	82
JN.1.50.2	63	55
JN.1.51	88	25
JN.1.51.1	63	56
JN.1.52	205	205
JN.1.53	100	64
JN.1.53.1	36	24
JN.1.54	42	42
JN.1.55	169	138
JN.1.55.1	21	21
JN.1.55.2	10	10
JN.1.56	13	13
JN.1.57	59	52
JN.1.57.1	7	7
JN.1.58	97	78
JN.1.58.1	5	5
JN.1.58.2	7	3
JN.1.58.3	7	7
JN.1.59	164	143
JN.1.59.1	21	21
JN.1.6	632	525
JN.1.6.1	107	107
JN.1.60	61	61
JN.1.61	9	9
JN.1.62	14	14
JN.1.63	144	97
JN.1.63.1	47	47
JN.1.64	217	217
JN.1.64.1	200	29
JN.1.65	403	210
JN.1.65.1	193	96
JN.1.67	1727	54
JN.1.67.1	1673	1620
JN.1.7	4748	3375
JN.1.7.1	220	220
JN.1.7.2	310	310
JN.1.7.3	37	21
JN.1.7.4	117	117
JN.1.7.5	602	599
JN.1.7.6	87	87
JN.1.7.7	15	15
JN.1.7.8	88	55
JN.1.7.9	14	14
JN.1.8	780	466
JN.1.8.1	2361	2361
JN.1.8.2	35	24
JN.1.8.3	255	255
JN.1.8.4	24	24
JN.1.9	1113	873
JN.1.9.1	225	225
JN.1.9.2	15	15
JN.10	86	86
JN.11	46	39
JN.11.1	7	7
JN.13	54	25
JN.13.1	29	29
JN.14	43	43
JN.15	3	3
JN.16	10	10
JN.17	3	3
JN.18	476	476
JN.19	3	3
JN.2	1385	1288
JN.2.1	4	4
JN.2.2	20	20
JN.2.3	68	68
JN.2.4	5	5
JN.2.5	33	33
JN.3	851	532
JN.3.1	2	2
JN.3.2	40	27
JN.3.2.1	13	13
JN.3.3	277	277
JN.4	139	139
JN.5	148	133
JN.5.1	15	15
JN.6	554	554
JN.7	143	143
JN.8	5	5
JN.9	100	100
JP.1.1	9	9
JQ.1	200	200
JQ.2	26	18
JQ.2.1.1	8	8
JR.1.1	259	246
JR.1.1.1	13	13
JS.1	115	115
JS.2	61	61
JU.1	11	11
JV.1	8	8
JV.2	22	22
JW.1	4	2
JW.1.1	2	2
JY.1	148	80
JY.1.1	68	68
JZ.1	87	87
K.2	76	76
KA.1	26	26
KB.1	188	188
KB.2	54	54
KB.3	2	2
KB.4	67	67
KC.1	568	505
KC.1.1	63	63
KE.1	110	110
KE.2	15	15
KE.3	271	271
KF.1	20	20
KG.1	8	8
KH.1	41	41
KJ.1	3	3
KK.1	125	125
KK.2	3	3
KL.1	74	46
KL.1.1	28	28
KN.1	2	2
KP.1	254	133
KP.1.1	6160	947
KP.1.1.1	1220	1098
KP.1.1.2	24	24
KP.1.1.3	3257	1647
KP.1.1.4	9	9
KP.1.1.5	692	156
KP.1.1.6	11	8
KP.1.2	121	121
KP.2	22596	2788
KP.2.1	84	84
KP.2.10	50	50
KP.2.11	59	59
KP.2.13	2	2
KP.2.14	269	269
KP.2.15	459	400
KP.2.15.1	59	59
KP.2.16	235	235
KP.2.18	22	22
KP.2.19	232	232
KP.2.2	2243	2088
KP.2.2.1	125	78
KP.2.2.2	30	30
KP.2.20	11	8
KP.2.20.1	3	3
KP.2.22	8	8
KP.2.23	122	122
KP.2.24	61	61
KP.2.25	123	34
KP.2.25.1	37	37
KP.2.25.2	25	25
KP.2.25.3	27	27
KP.2.26	3	3
KP.2.27	93	93
KP.2.3	8800	7465
KP.2.3.1	13	13
KP.2.3.10	30	20
KP.2.3.11	83	83
KP.2.3.12	77	77
KP.2.3.13	87	39
KP.2.3.2	5	5
KP.2.3.3	238	238
KP.2.3.4	185	101
KP.2.3.5	143	143
KP.2.3.6	79	79
KP.2.3.7	219	105
KP.2.3.8	135	135
KP.2.3.9	41	38
KP.2.4	26	26
KP.2.5	95	95
KP.2.6	192	127
KP.2.6.1	65	65
KP.2.7	11	11
KP.2.8	112	112
KP.2.9	47	47
KP.3	45317	1566
KP.3.1	6113	3889
KP.3.1.1	24302	18080
KP.3.1.10	66	66
KP.3.1.2	45	45
KP.3.1.3	64	64
KP.3.1.4	1131	1070
KP.3.1.5	80	80
KP.3.1.6	694	312
KP.3.1.7	76	76
KP.3.1.8	54	46
KP.3.1.9	14	14
KP.3.2	4268	1291
KP.3.2.1	132	132
KP.3.2.2	184	184
KP.3.2.3	1565	1206
KP.3.2.4	814	814
KP.3.2.5	144	144
KP.3.2.6	48	48
KP.3.2.7	5	5
KP.3.2.8	26	26
KP.3.2.9	59	59
KP.3.3	8336	3040
KP.3.3.1	352	352
KP.3.3.2	310	305
KP.3.3.3	556	442
KP.3.3.4	318	288
KP.3.4	109	101
KP.3.4.1	8	8
KP.3.5	539	539
KP.3.6	8	8
KP.3.7	42	42
KP.4	645	57
KP.4.1	588	370
KP.4.1.1	25	25
KP.4.1.2	49	49
KP.4.1.3	144	144
KP.4.2	232	123
KP.4.2.1	40	40
KP.4.2.2	17	17
KP.4.2.4	33	33
KP.4.2.5	19	19
KP.5	55	55
KP.6	7	7
KQ.1	604	604
KR.1	240	122
KR.1.1	58	58
KR.1.2	2	2
KR.1.3	16	16
KR.1.4	42	42
KR.3	12	12
KR.4	9	9
KR.5	2	2
KS.1	1555	975
KS.1.1	474	60
KS.1.1.2	414	414
KS.1.2	3	3
KS.1.3	78	78
KT.1	913	293
KT.1.1	351	351
KT.1.2	269	269
KU.1	8	8
KU.2	134	77
KU.2.1	12	12
KU.2.2	45	45
KV.1	8	8
KV.2	435	435
KW.1	386	84
KW.1.1	302	252
KW.1.1.1	50	10
KY.1	11	11
KZ.1	19	9
KZ.1.1	10	10
L.2	13	13
L.3	196	196
L.4	16	16
LA.1	348	292
LA.2	56	56
LB.1	10291	1696
LB.1.1	81	81
LB.1.10	3	3
LB.1.2	1327	454
LB.1.2.1	565	304
LB.1.2.2	234	234
LB.1.2.3	74	74
LB.1.3	3190	1764
LB.1.3.1	747	354
LB.1.3.2	650	542
LB.1.3.3	29	29
LB.1.4	641	414
LB.1.4.1	117	117
LB.1.4.3	35	35
LB.1.5	158	158
LB.1.6	4	4
LB.1.7	3006	2651
LB.1.7.1	173	173
LB.1.7.2	133	133
LB.1.7.3	49	49
LB.1.8	176	176
LB.1.9	9	9
LC.1	9	9
LD.1	163	163
LD.2	27	27
LE.1	128	52
LE.1.1	34	34
LE.1.2	29	29
LE.1.3	13	2
LE.1.3.1	11	11
LE.2	2	2
LF.1	454	240
LF.1.1	214	27
LF.1.1.1	175	175
LF.10	3	3
LF.2	27	27
LF.3	658	8
LF.3.1	650	169
LF.3.1.1	391	391
LF.3.1.2	90	90
LF.4	125	54
LF.4.1	71	71
LF.5	54	54
LF.6	40	40
LF.7	250	47
LF.7.1	121	97
LF.7.1.1	6	6
LF.7.1.2	7	7
LF.7.1.3	11	11
LF.7.2	43	12
LF.7.2.1	31	31
LF.7.3	22	22
LF.7.4	17	17
LF.8	57	2
LF.8.1	55	2
LF.8.1.1	53	7
LF.9	159	55
LF.9.1	104	104
LG.1	40	40
LH.1	9	9
LH.2	4	4
LJ.1	7	7
LK.1	3	3
LK.2	16	16
LL.1	82	82
LM.1	11	11
LN.1	12	4
LN.1.1	8	8
LP.1	1234	1042
LP.1.1	87	87
LP.1.2	105	89
LP.1.2.1	16	16
LP.10.1	18	18
LP.2	13	13
LP.3	20	20
LP.4	70	70
LP.5	31	31
LP.6	95	95
LP.7	94	76
LP.8	46	0
LP.8.1	41	41
LP.8.2	5	5
LP.9	7	7
LQ.1	207	73
LQ.1.1	134	134
LQ.2	12	12
LQ.3	12	12
LR.1	2	2
LR.3	2	2
LS.1	26	26
LT.1	7	7
LU.1	59	59
LU.2	107	40
LU.2.1	67	3
LU.2.1.1	64	64
LV.1	34	34
LW.1	359	351
LW.1.1	2	2
LW.1.2	6	6
LY.1	241	241
LY.2	4	4
LZ.1	131	41
LZ.1.1	90	90
LZ.2	234	137
LZ.2.1	97	64
LZ.2.1.1	14	14
LZ.2.1.2	19	19
M.2	12	12
M.3	12	12
MA.1	277	265
MA.1.1	12	10
MA.1.1.1	2	2
MB.1	329	1
MB.1.1	328	17
MB.1.1.1	221	67
MB.1.1.2	75	41
MB.1.1.3	15	15
MC.1	777	725
MC.1.1	52	52
MC.10	442	243
MC.10.1	193	193
MC.10.2	6	6
MC.11	661	628
MC.11.1	33	33
MC.12	4	4
MC.13	1072	916
MC.13.1	152	152
MC.13.2	4	4
MC.14	60	60
MC.15	40	40
MC.16	1068	1068
MC.17	37	37
MC.18	8	8
MC.19	89	89
MC.2	562	359
MC.2.1	203	203
MC.20	9	9
MC.21	35	20
MC.21.1	15	15
MC.22	35	35
MC.3	109	109
MC.4	50	50
MC.5	24	24
MC.6	539	539
MC.7	6	6
MC.8	240	98
MC.8.1	142	142
MC.9	352	352
MD.1	63	6
MD.1.1	53	53
MD.1.2	4	4
MD.2	23	23
MD.3	85	2
MD.3.1	83	16
MD.3.1.1	2	2
MD.3.1.2	16	16
MD.3.1.3	39	39
MD.3.1.4	10	10
ME.1	8	8
MF.1	65	65
MF.2	32	32
MG.1	34	34
MG.2	38	38
MG.3	12	12
MG.4	38	38
MH.1	108	108
MJ.1	12	9
MJ.1.1	3	3
MJ.2	7	2
MJ.2.1	5	2
MJ.2.1.1	3	3
MK.1	298	298
MK.2	34	34
MK.3	50	50
ML.1	16	16
ML.2	98	98
MM.1	46	46
MM.2	15	15
MN.1	16	16
MQ.1	18	18
MQ.2	15	15
MR.1	30	30
MS.1	80	80
MT.1	32	32
MU.1	222	222
MU.2	314	256
MU.2.1	58	58
MV.1	128	128
MV.2	26	26
MW.1	114	114
MY.1	8	8
MZ.1	53	53
N.1	45	45
N.10	3	3
N.2	20	20
N.3	9	9
N.4	46	46
N.5	238	238
N.6	18	18
N.7	20	20
N.8	35	35
N.9	29	29
NA.1	34	24
NA.1.1	10	10
NB.1	104	104
NC.1	25	13
NC.1.1	12	12
ND.1	39	12
ND.1.1	27	27
ND.2	4	4
ND.3	3	3
NE.1	3	3
NF.1	44	44
NG.1	3	3
NH.1	6	6
NH.4	41	41
NJ.1	7	7
NK.1	10	10
NL.2	218	218
NL.3	35	35
NL.4	48	48
NL.5	68	68
NL.6	22	22
NL.7	2	2
NM.1	55	55
NM.2	29	29
NN.1	24	14
NN.1.1	10	10
NN.2	24	24
NP.2	5	5
P.1	32025	20011
P.1.1	317	317
P.1.10	2977	2977
P.1.11	10	10
P.1.12	117	111
P.1.12.1	6	6
P.1.13	845	845
P.1.14	345	345
P.1.15	1460	1460
P.1.16	237	237
P.1.17	3749	3642
P.1.17.1	107	107
P.1.2	336	336
P.1.4	682	682
P.1.6	268	268
P.1.7	552	526
P.1.7.1	26	26
P.1.8	62	62
P.1.9	57	57
P.2	1638	1638
P.3	49	49
P.6	5	5
P.7	31	31
Q.1	13	13
Q.1_21770	124	124
Q.2	8	8
Q.3	5594	5594
Q.4	928	928
Q.6	4	4
Q.7	42	42
Q.8	8	8
R.1	3161	3161
R.2	71	71
U.1	86	86
U.3	2	2
V.1	46	46
V.2	53	53
W.1	61	61
W.2	3	3
W.3	204	204
W.4	822	822
XA	44	44
XAA	73	73
XAB	95	95
XAC	73	73
XAD	65	65
XAE	31	31
XAF	49	49
XAG	45	45
XAH	15	15
XAJ	82	82
XAK	105	105
XAL	93	93
XAM	99	99
XAN	78	78
XAP	54	54
XAS	298	298
XAT	15	15
XAU	27	27
XAV	43	43
XAY	1064	3
XAY.1	297	31
XAY.1.1	261	5
XAY.1.1.1	184	2
XAY.1.1.2	25	25
XAY.1.1.3	47	47
XAY.1.2	5	5
XAY.2	764	307
XAY.2.1	156	156
XAY.2.2	133	133
XAY.2.3	168	168
XAZ	879	879
XB	989	989
XBA	3	3
XBB	392656	641
XBB.1	372338	1043
XBB.1.1	195	195
XBB.1.10	25	25
XBB.1.11	228	17
XBB.1.11.1	211	80
XBB.1.12	15	13
XBB.1.12.1	2	2
XBB.1.13	120	93
XBB.1.13.1	27	27
XBB.1.14	17	12
XBB.1.14.1	5	5
XBB.1.15	1768	1737
XBB.1.15.1	31	31
XBB.1.16	48206	10897
XBB.1.16.1	8682	3359
XBB.1.16.10	56	56
XBB.1.16.11	4781	4781
XBB.1.16.12	134	134
XBB.1.16.13	2462	213
XBB.1.16.14	244	244
XBB.1.16.15	3081	2858
XBB.1.16.16	250	250
XBB.1.16.17	76	76
XBB.1.16.18	352	352
XBB.1.16.19	377	377
XBB.1.16.2	1877	810
XBB.1.16.20	60	60
XBB.1.16.21	368	368
XBB.1.16.22	151	151
XBB.1.16.23	343	343
XBB.1.16.24	33	33
XBB.1.16.25	58	58
XBB.1.16.26	100	100
XBB.1.16.27	93	93
XBB.1.16.28	22	22
XBB.1.16.29	97	97
XBB.1.16.3	213	213
XBB.1.16.30	47	47
XBB.1.16.31	81	81
XBB.1.16.32	23	20
XBB.1.16.4	84	84
XBB.1.16.5	162	162
XBB.1.16.6	11396	8035
XBB.1.16.7	58	58
XBB.1.16.8	247	247
XBB.1.16.9	606	606
XBB.1.17	912	5
XBB.1.17.1	907	365
XBB.1.18	1942	32
XBB.1.18.1	1910	179
XBB.1.19	1363	45
XBB.1.19.1	1311	188
XBB.1.19.2	7	7
XBB.1.20	2	2
XBB.1.21	35	35
XBB.1.22	6322	185
XBB.1.22.1	5849	256
XBB.1.22.2	276	163
XBB.1.22.3	12	12
XBB.1.23	3	3
XBB.1.24	104	3
XBB.1.24.1	56	56
XBB.1.24.3	45	45
XBB.1.25	5	5
XBB.1.27	8	8
XBB.1.28	1660	9
XBB.1.28.1	407	23
XBB.1.29	20	20
XBB.1.3	14	14
XBB.1.30	67	67
XBB.1.31	20	11
XBB.1.31.2	9	9
XBB.1.32	20	20
XBB.1.33	67	67
XBB.1.34	122	44
XBB.1.34.1	43	43
XBB.1.34.2	35	13
XBB.1.35	21	21
XBB.1.36	4	4
XBB.1.37	45	14
XBB.1.37.1	31	31
XBB.1.38	19	19
XBB.1.39	4	4
XBB.1.4	463	60
XBB.1.4.1	370	370
XBB.1.4.2	33	33
XBB.1.40	4	4
XBB.1.41	1244	7
XBB.1.41.1	872	162
XBB.1.41.2	322	322
XBB.1.41.3	43	39
XBB.1.42	1686	141
XBB.1.42.1	202	202
XBB.1.42.2	1343	1307
XBB.1.43	64	5
XBB.1.43.1	59	59
XBB.1.44	127	33
XBB.1.44.1	94	94
XBB.1.45	146	16
XBB.1.45.1	130	130
XBB.1.46	2	2
XBB.1.47	11	5
XBB.1.47.1	6	6
XBB.1.48	8	8
XBB.1.5	4312	885
XBB.1.5.1	1634	1517
XBB.1.5.10	1620	1620
XBB.1.5.100	315	173
XBB.1.5.101	39	39
XBB.1.5.102	5026	34
XBB.1.5.103	119	93
XBB.1.5.104	226	226
XBB.1.5.105	81	81
XBB.1.5.106	31	31
XBB.1.5.107	241	154
XBB.1.5.108	21	21
XBB.1.5.109	47	47
XBB.1.5.11	958	958
XBB.1.5.110	303	303
XBB.1.5.12	1038	1038
XBB.1.5.13	4658	4065
XBB.1.5.14	682	463
XBB.1.5.15	3831	2327
XBB.1.5.16	1476	1173
XBB.1.5.17	1824	1622
XBB.1.5.18	2185	2185
XBB.1.5.19	854	854
XBB.1.5.2	589	589
XBB.1.5.20	1547	1547
XBB.1.5.21	1053	971
XBB.1.5.22	26	26
XBB.1.5.23	373	373
XBB.1.5.24	2199	1304
XBB.1.5.25	146	146
XBB.1.5.26	1426	142
XBB.1.5.27	186	186
XBB.1.5.28	140	140
XBB.1.5.29	29	29
XBB.1.5.3	351	248
XBB.1.5.30	584	584
XBB.1.5.31	1126	1126
XBB.1.5.32	1295	1295
XBB.1.5.33	1222	1222
XBB.1.5.34	505	505
XBB.1.5.35	965	965
XBB.1.5.36	180	180
XBB.1.5.37	823	823
XBB.1.5.38	168	141
XBB.1.5.39	573	194
XBB.1.5.4	1083	1083
XBB.1.5.40	40	40
XBB.1.5.41	223	68
XBB.1.5.42	269	22
XBB.1.5.43	110	110
XBB.1.5.44	200	113
XBB.1.5.45	12	12
XBB.1.5.46	1262	1041
XBB.1.5.47	1126	750
XBB.1.5.48	1553	1295
XBB.1.5.49	1947	1756
XBB.1.5.5	440	440
XBB.1.5.50	218	218
XBB.1.5.51	1116	1116
XBB.1.5.52	1294	1294
XBB.1.5.53	17	4
XBB.1.5.54	46	46
XBB.1.5.55	304	204
XBB.1.5.56	271	271
XBB.1.5.57	274	88
XBB.1.5.58	8	8
XBB.1.5.59	656	523
XBB.1.5.6	150	150
XBB.1.5.60	162	162
XBB.1.5.61	378	378
XBB.1.5.62	434	434
XBB.1.5.63	434	434
XBB.1.5.64	101	101
XBB.1.5.65	669	669
XBB.1.5.66	517	517
XBB.1.5.67	772	772
XBB.1.5.68	1187	33
XBB.1.5.69	371	371
XBB.1.5.7	4777	4118
XBB.1.5.70	5176	138
XBB.1.5.71	98	98
XBB.1.5.72	959	959
XBB.1.5.73	916	406
XBB.1.5.74	2	2
XBB.1.5.75	108	108
XBB.1.5.76	114	114
XBB.1.5.77	655	529
XBB.1.5.78	168	168
XBB.1.5.79	165	165
XBB.1.5.8	187	187
XBB.1.5.80	324	324
XBB.1.5.81	26	26
XBB.1.5.83	8	8
XBB.1.5.84	13	13
XBB.1.5.85	65	65
XBB.1.5.86	268	168
XBB.1.5.88	57	57
XBB.1.5.89	51	51
XBB.1.5.9	320	320
XBB.1.5.90	94	94
XBB.1.5.91	280	280
XBB.1.5.92	39	39
XBB.1.5.92_823	37	2
XBB.1.5.93	58	47
XBB.1.5.94	53	53
XBB.1.5.95	951	723
XBB.1.5.96	351	351
XBB.1.5.97	145	145
XBB.1.5.98	80	80
XBB.1.5.99	90	90
XBB.1.5_17124	167229	90977
XBB.1.6	85	85
XBB.1.7	58	58
XBB.1.8	43	43
XBB.1.9	129837	493
XBB.1.9.1	38721	5128
XBB.1.9.2	88530	2469
XBB.1.9.3	207	22
XBB.1.9.4	122	122
XBB.1.9.5	29	29
XBB.1.9.6	20	20
XBB.1.9.7	7	7
XBB.1_27915T	369816	5506
XBB.2	18736	807
XBB.2.1	40	40
XBB.2.10	32	32
XBB.2.11	417	19
XBB.2.11.1	398	398
XBB.2.12	3	3
XBB.2.2	34	34
XBB.2.3	16337	1461
XBB.2.3.1	224	224
XBB.2.3.10	3698	26
XBB.2.3.11	2610	434
XBB.2.3.12	94	83
XBB.2.3.13	68	34
XBB.2.3.14	48	48
XBB.2.3.15	358	182
XBB.2.3.16	14	14
XBB.2.3.17	47	47
XBB.2.3.18	6	6
XBB.2.3.19	365	217
XBB.2.3.2	1630	812
XBB.2.3.20	66	66
XBB.2.3.21	12	12
XBB.2.3.22	7	7
XBB.2.3.3	4451	543
XBB.2.3.4	199	76
XBB.2.3.5	190	190
XBB.2.3.6	144	84
XBB.2.3.7	83	83
XBB.2.3.8	421	305
XBB.2.3.9	37	37
XBB.2.4	111	111
XBB.2.5	189	189
XBB.2.6	615	585
XBB.2.6.1	19	2
XBB.2.6.2	9	9
XBB.2.6.3	2	2
XBB.2.7	46	40
XBB.2.7.1	6	6
XBB.2.8	95	95
XBB.2.9	10	10
XBB.3	444	202
XBB.3.1	33	33
XBB.3.2	148	148
XBB.3.3	39	39
XBB.3.4	17	17
XBB.3.5	5	5
XBB.4	76	69
XBB.4.1	7	7
XBB.5	8	8
XBB.6	257	35
XBB.6.1	222	222
XBB.7	5	5
XBB.8	80	57
XBB.8.1	17	17
XBB.8.2	6	6
XBB.9	45	45
XBB_dropout	392677	21
XBC	696	0
XBC.1	690	106
XBC.1.1	12	8
XBC.1.1.1	4	4
XBC.1.2	247	5
XBC.1.2.1	242	242
XBC.1.3	30	17
XBC.1.3.1	13	13
XBC.1.4	4	4
XBC.1.5	4	4
XBC.1.6	287	26
XBC.1.6.1	11	9
XBC.1.6.3	244	7
XBC.1.6.4	6	6
XBC.2	6	6
XBD	162	162
XBE	281	281
XBF	2453	1704
XBF.1	84	11
XBF.1.1	73	73
XBF.10	3	3
XBF.2	18	18
XBF.3	180	180
XBF.4	179	179
XBF.5	43	43
XBF.6	65	65
XBF.7	102	54
XBF.7.1	48	48
XBF.8	3	3
XBF.9	72	72
XBG	117	117
XBH	13	13
XBJ	76	13
XBJ.1	7	7
XBJ.2	27	27
XBJ.3	27	27
XBJ.4	2	2
XBK	686	443
XBK.1	243	243
XBL	186	30
XBL.1	14	14
XBL.2	23	23
XBL.3	119	109
XBL.3.1	10	10
XBM	85	85
XBN	26	26
XBP	47	47
XBQ	102	102
XBR	22	22
XBS	31	31
XBT	214	214
XBU	33	33
XBV	24	24
XBW	30	30
XBZ	322	322
XCA	69	69
XCC	36	36
XCE	13	13
XCF	133	87
XCF.1	12	12
XCF.3	34	34
XCG	28	28
XCH	657	258
XCH.1	399	399
XCJ	2	2
XCK	18	18
XCL	134	134
XCM	81	81
XCN	7	7
XCP	116	116
XCQ	21	21
XCR	272	272
XCS	6	6
XCT	124	38
XCT.1	86	86
XCU	13	13
XCV	89	89
XCW	83	83
XCY	6	6
XCZ	23	23
XD	20	20
XDA	627	552
XDA.1	43	43
XDB	66	66
XDC	37	37
XDD	563	454
XDD.1	93	46
XDD.1.1	47	41
XDD.1.1.1	6	6
XDD.2	11	11
XDD.3	5	5
XDE	19	19
XDF	8	8
XDG	11	11
XDH	4	4
XDJ	2	2
XDK	776	284
XDK.1	289	193
XDK.1.2	96	96
XDK.2	15	15
XDK.3	16	16
XDK.4	60	4
XDK.4.1	56	56
XDK.5	57	57
XDK.6	55	55
XDL	104	104
XDM	32	32
XDN	200	200
XDP	532	332
XDP.1	137	137
XDP.3	37	37
XDQ	107	34
XDQ.1	68	63
XDQ.1.1	5	5
XDQ.2	5	5
XDR	2597	81
XDR.1	15	7
XDR.1.1	4	4
XDR.1.2	4	4
XDS	73	73
XDT	28	28
XDV	2495	43
XDV.1	2452	1541
XDV.1.1	159	159
XDV.1.10	28	28
XDV.1.11	47	47
XDV.1.2	36	5
XDV.1.2.1	31	31
XDV.1.3	21	21
XDV.1.4	6	6
XDV.1.5	217	22
XDV.1.5.1	195	91
XDV.1.6	50	50
XDV.1.7	226	210
XDV.1.7.1	16	16
XDV.1.8	29	29
XDV.1.9	92	52
XDV.1.9.1	40	40
XDY	261	245
XDY.1	16	16
XE	2735	2735
XEB	26	26
XEC	3760	3080
XEC.1	31	31
XEC.2	439	439
XEC.3	8	8
XEC.4	26	26
XEC.5	22	22
XEC.6	8	8
XED	47	47
XEE	42	42
XEF	75	75
XEG	6	6
XEH	34	34
XEJ	12	12
XEK	146	146
XEL	66	66
XEN	8	8
XEP	3	3
XF	42	42
XG	445	445
XH	145	145
XJ	5	5
XL	122	122
XM	594	357
XN	344	344
XP	82	82
XQ	148	148
XR	195	195
XS	46	46
XU	2	2
XV	27	27
XW	121	121
XY	94	94
XZ	116	116
Y.1	19	19
Z.1	266	266
miscBA.5.2CJ.1	3242	1
miscBA.5BA.2.75	9	9
miscBA1BA2Post13k	689	52
miscBA1BA2Post17k	144	144
miscBA1BA2Post5386	4961	173
miscBA1BA2Post8393	3907	26
miscBA1BA2Pre10k	3881	164
miscBA1BA2Pre4321	722	230
miscBA2BA1PostSpike	1445	1076
miscDeltaBA1Post11k	40	1
miscDeltaBA1Post4k	60	6
proposed1006	100	100
proposed422	4	4
proposed439	9	9
proposed441	6	6
proposed446	12	12
proposed467	16	16
